graph_name,parent_name,source,pickle_path,opt_sum
smallworld-0832-60-400-1194.al_10,smallworld-0832-60-400-1194.al,FASP-benchmarks,pickles/smallworld-0832-60-400-1194.al_10.pickle,
smallworld-0832-60-400-1194.al_11,smallworld-0832-60-400-1194.al,FASP-benchmarks,pickles/smallworld-0832-60-400-1194.al_11.pickle,
smallworld-0832-60-400-1194.al_12,smallworld-0832-60-400-1194.al,FASP-benchmarks,pickles/smallworld-0832-60-400-1194.al_12.pickle,
smallworld-0832-60-400-1194.al_13,smallworld-0832-60-400-1194.al,FASP-benchmarks,pickles/smallworld-0832-60-400-1194.al_13.pickle,
smallworld-0832-60-400-1194.al_14,smallworld-0832-60-400-1194.al,FASP-benchmarks,pickles/smallworld-0832-60-400-1194.al_14.pickle,
smallworld-0832-60-400-1194.al_15,smallworld-0832-60-400-1194.al,FASP-benchmarks,pickles/smallworld-0832-60-400-1194.al_15.pickle,
smallworld-0832-60-400-1194.al_16,smallworld-0832-60-400-1194.al,FASP-benchmarks,pickles/smallworld-0832-60-400-1194.al_16.pickle,
smallworld-0832-60-400-1194.al_17,smallworld-0832-60-400-1194.al,FASP-benchmarks,pickles/smallworld-0832-60-400-1194.al_17.pickle,
smallworld-0832-60-400-1194.al_18,smallworld-0832-60-400-1194.al,FASP-benchmarks,pickles/smallworld-0832-60-400-1194.al_18.pickle,
smallworld-0832-60-400-1194.al_19,smallworld-0832-60-400-1194.al,FASP-benchmarks,pickles/smallworld-0832-60-400-1194.al_19.pickle,
smallworld-0832-60-400-1194.al_20,smallworld-0832-60-400-1194.al,FASP-benchmarks,pickles/smallworld-0832-60-400-1194.al_20.pickle,
smallworld-0832-60-400-1194.al_21,smallworld-0832-60-400-1194.al,FASP-benchmarks,pickles/smallworld-0832-60-400-1194.al_21.pickle,
smallworld-0832-60-400-1194.al_22,smallworld-0832-60-400-1194.al,FASP-benchmarks,pickles/smallworld-0832-60-400-1194.al_22.pickle,
smallworld-0832-60-400-1194.al_23,smallworld-0832-60-400-1194.al,FASP-benchmarks,pickles/smallworld-0832-60-400-1194.al_23.pickle,
smallworld-0832-60-400-1194.al_24,smallworld-0832-60-400-1194.al,FASP-benchmarks,pickles/smallworld-0832-60-400-1194.al_24.pickle,
smallworld-0832-60-400-1194.al_25,smallworld-0832-60-400-1194.al,FASP-benchmarks,pickles/smallworld-0832-60-400-1194.al_25.pickle,
smallworld-0832-60-400-1194.al_26,smallworld-0832-60-400-1194.al,FASP-benchmarks,pickles/smallworld-0832-60-400-1194.al_26.pickle,
smallworld-0832-60-400-1194.al_27,smallworld-0832-60-400-1194.al,FASP-benchmarks,pickles/smallworld-0832-60-400-1194.al_27.pickle,
smallworld-0832-60-400-1194.al_28,smallworld-0832-60-400-1194.al,FASP-benchmarks,pickles/smallworld-0832-60-400-1194.al_28.pickle,
smallworld-0832-60-400-1194.al_29,smallworld-0832-60-400-1194.al,FASP-benchmarks,pickles/smallworld-0832-60-400-1194.al_29.pickle,
smallworld-0832-60-400-1194.al_30,smallworld-0832-60-400-1194.al,FASP-benchmarks,pickles/smallworld-0832-60-400-1194.al_30.pickle,
smallworld-0832-60-400-1194.al_31,smallworld-0832-60-400-1194.al,FASP-benchmarks,pickles/smallworld-0832-60-400-1194.al_31.pickle,
smallworld-0832-60-400-1194.al_32,smallworld-0832-60-400-1194.al,FASP-benchmarks,pickles/smallworld-0832-60-400-1194.al_32.pickle,
smallworld-0832-60-400-1194.al_33,smallworld-0832-60-400-1194.al,FASP-benchmarks,pickles/smallworld-0832-60-400-1194.al_33.pickle,
smallworld-0832-60-400-1194.al_34,smallworld-0832-60-400-1194.al,FASP-benchmarks,pickles/smallworld-0832-60-400-1194.al_34.pickle,
smallworld-0832-60-400-1194.al_35,smallworld-0832-60-400-1194.al,FASP-benchmarks,pickles/smallworld-0832-60-400-1194.al_35.pickle,
smallworld-0832-60-400-1194.al_36,smallworld-0832-60-400-1194.al,FASP-benchmarks,pickles/smallworld-0832-60-400-1194.al_36.pickle,
smallworld-0832-60-400-1194.al_37,smallworld-0832-60-400-1194.al,FASP-benchmarks,pickles/smallworld-0832-60-400-1194.al_37.pickle,
smallworld-0832-60-400-1194.al_38,smallworld-0832-60-400-1194.al,FASP-benchmarks,pickles/smallworld-0832-60-400-1194.al_38.pickle,
smallworld-0832-60-400-1194.al_39,smallworld-0832-60-400-1194.al,FASP-benchmarks,pickles/smallworld-0832-60-400-1194.al_39.pickle,
smallworld-0832-60-400-1194.al_40,smallworld-0832-60-400-1194.al,FASP-benchmarks,pickles/smallworld-0832-60-400-1194.al_40.pickle,
smallworld-0832-60-400-1194.al_41,smallworld-0832-60-400-1194.al,FASP-benchmarks,pickles/smallworld-0832-60-400-1194.al_41.pickle,
smallworld-0832-60-400-1194.al_42,smallworld-0832-60-400-1194.al,FASP-benchmarks,pickles/smallworld-0832-60-400-1194.al_42.pickle,
smallworld-0832-60-400-1194.al_43,smallworld-0832-60-400-1194.al,FASP-benchmarks,pickles/smallworld-0832-60-400-1194.al_43.pickle,
smallworld-0832-60-400-1194.al_44,smallworld-0832-60-400-1194.al,FASP-benchmarks,pickles/smallworld-0832-60-400-1194.al_44.pickle,
smallworld-0832-60-400-1194.al_45,smallworld-0832-60-400-1194.al,FASP-benchmarks,pickles/smallworld-0832-60-400-1194.al_45.pickle,
smallworld-0832-60-400-1194.al_46,smallworld-0832-60-400-1194.al,FASP-benchmarks,pickles/smallworld-0832-60-400-1194.al_46.pickle,
smallworld-0832-60-400-1194.al_47,smallworld-0832-60-400-1194.al,FASP-benchmarks,pickles/smallworld-0832-60-400-1194.al_47.pickle,
smallworld-0832-60-400-1194.al_48,smallworld-0832-60-400-1194.al,FASP-benchmarks,pickles/smallworld-0832-60-400-1194.al_48.pickle,
random-1430-400-840.al_0,random-1430-400-840.al,FASP-benchmarks,pickles/random-1430-400-840.al_0.pickle,
random-1430-400-840.al_1,random-1430-400-840.al,FASP-benchmarks,pickles/random-1430-400-840.al_1.pickle,
random-1430-400-840.al_2,random-1430-400-840.al,FASP-benchmarks,pickles/random-1430-400-840.al_2.pickle,
random-1430-400-840.al_3,random-1430-400-840.al,FASP-benchmarks,pickles/random-1430-400-840.al_3.pickle,
random-1430-400-840.al_4,random-1430-400-840.al,FASP-benchmarks,pickles/random-1430-400-840.al_4.pickle,
random-1430-400-840.al_5,random-1430-400-840.al,FASP-benchmarks,pickles/random-1430-400-840.al_5.pickle,
random-1430-400-840.al_6,random-1430-400-840.al,FASP-benchmarks,pickles/random-1430-400-840.al_6.pickle,
random-1430-400-840.al_7,random-1430-400-840.al,FASP-benchmarks,pickles/random-1430-400-840.al_7.pickle,
random-1430-400-840.al_8,random-1430-400-840.al,FASP-benchmarks,pickles/random-1430-400-840.al_8.pickle,
random-1430-400-840.al_9,random-1430-400-840.al,FASP-benchmarks,pickles/random-1430-400-840.al_9.pickle,
random-1430-400-840.al_10,random-1430-400-840.al,FASP-benchmarks,pickles/random-1430-400-840.al_10.pickle,
random-1430-400-840.al_11,random-1430-400-840.al,FASP-benchmarks,pickles/random-1430-400-840.al_11.pickle,
random-1430-400-840.al_12,random-1430-400-840.al,FASP-benchmarks,pickles/random-1430-400-840.al_12.pickle,
random-1430-400-840.al_13,random-1430-400-840.al,FASP-benchmarks,pickles/random-1430-400-840.al_13.pickle,
random-1430-400-840.al_14,random-1430-400-840.al,FASP-benchmarks,pickles/random-1430-400-840.al_14.pickle,
random-1430-400-840.al_15,random-1430-400-840.al,FASP-benchmarks,pickles/random-1430-400-840.al_15.pickle,
random-1430-400-840.al_16,random-1430-400-840.al,FASP-benchmarks,pickles/random-1430-400-840.al_16.pickle,
random-1430-400-840.al_17,random-1430-400-840.al,FASP-benchmarks,pickles/random-1430-400-840.al_17.pickle,
random-1430-400-840.al_18,random-1430-400-840.al,FASP-benchmarks,pickles/random-1430-400-840.al_18.pickle,
random-1430-400-840.al_19,random-1430-400-840.al,FASP-benchmarks,pickles/random-1430-400-840.al_19.pickle,
random-1430-400-840.al_20,random-1430-400-840.al,FASP-benchmarks,pickles/random-1430-400-840.al_20.pickle,
random-1430-400-840.al_21,random-1430-400-840.al,FASP-benchmarks,pickles/random-1430-400-840.al_21.pickle,
random-1430-400-840.al_22,random-1430-400-840.al,FASP-benchmarks,pickles/random-1430-400-840.al_22.pickle,
random-1430-400-840.al_23,random-1430-400-840.al,FASP-benchmarks,pickles/random-1430-400-840.al_23.pickle,
random-1430-400-840.al_24,random-1430-400-840.al,FASP-benchmarks,pickles/random-1430-400-840.al_24.pickle,
random-1430-400-840.al_25,random-1430-400-840.al,FASP-benchmarks,pickles/random-1430-400-840.al_25.pickle,
random-1430-400-840.al_26,random-1430-400-840.al,FASP-benchmarks,pickles/random-1430-400-840.al_26.pickle,
random-1430-400-840.al_27,random-1430-400-840.al,FASP-benchmarks,pickles/random-1430-400-840.al_27.pickle,
random-1430-400-840.al_28,random-1430-400-840.al,FASP-benchmarks,pickles/random-1430-400-840.al_28.pickle,
random-1430-400-840.al_29,random-1430-400-840.al,FASP-benchmarks,pickles/random-1430-400-840.al_29.pickle,
random-1430-400-840.al_30,random-1430-400-840.al,FASP-benchmarks,pickles/random-1430-400-840.al_30.pickle,
random-1430-400-840.al_31,random-1430-400-840.al,FASP-benchmarks,pickles/random-1430-400-840.al_31.pickle,
random-1430-400-840.al_32,random-1430-400-840.al,FASP-benchmarks,pickles/random-1430-400-840.al_32.pickle,
random-1430-400-840.al_33,random-1430-400-840.al,FASP-benchmarks,pickles/random-1430-400-840.al_33.pickle,
random-1430-400-840.al_34,random-1430-400-840.al,FASP-benchmarks,pickles/random-1430-400-840.al_34.pickle,
random-1430-400-840.al_35,random-1430-400-840.al,FASP-benchmarks,pickles/random-1430-400-840.al_35.pickle,
random-1430-400-840.al_36,random-1430-400-840.al,FASP-benchmarks,pickles/random-1430-400-840.al_36.pickle,
random-1430-400-840.al_37,random-1430-400-840.al,FASP-benchmarks,pickles/random-1430-400-840.al_37.pickle,
random-1430-400-840.al_38,random-1430-400-840.al,FASP-benchmarks,pickles/random-1430-400-840.al_38.pickle,
random-1430-400-840.al_39,random-1430-400-840.al,FASP-benchmarks,pickles/random-1430-400-840.al_39.pickle,
random-1430-400-840.al_40,random-1430-400-840.al,FASP-benchmarks,pickles/random-1430-400-840.al_40.pickle,
random-1430-400-840.al_41,random-1430-400-840.al,FASP-benchmarks,pickles/random-1430-400-840.al_41.pickle,
random-1430-400-840.al_42,random-1430-400-840.al,FASP-benchmarks,pickles/random-1430-400-840.al_42.pickle,
random-1430-400-840.al_43,random-1430-400-840.al,FASP-benchmarks,pickles/random-1430-400-840.al_43.pickle,
random-1430-400-840.al_44,random-1430-400-840.al,FASP-benchmarks,pickles/random-1430-400-840.al_44.pickle,
random-1430-400-840.al_45,random-1430-400-840.al,FASP-benchmarks,pickles/random-1430-400-840.al_45.pickle,
random-1430-400-840.al_46,random-1430-400-840.al,FASP-benchmarks,pickles/random-1430-400-840.al_46.pickle,
random-1430-400-840.al_47,random-1430-400-840.al,FASP-benchmarks,pickles/random-1430-400-840.al_47.pickle,
random-1430-400-840.al_48,random-1430-400-840.al,FASP-benchmarks,pickles/random-1430-400-840.al_48.pickle,
random-1430-400-840.al_49,random-1430-400-840.al,FASP-benchmarks,pickles/random-1430-400-840.al_49.pickle,
random-1430-400-840.al_50,random-1430-400-840.al,FASP-benchmarks,pickles/random-1430-400-840.al_50.pickle,
random-1430-400-840.al_51,random-1430-400-840.al,FASP-benchmarks,pickles/random-1430-400-840.al_51.pickle,
random-1430-400-840.al_52,random-1430-400-840.al,FASP-benchmarks,pickles/random-1430-400-840.al_52.pickle,
random-1430-400-840.al_53,random-1430-400-840.al,FASP-benchmarks,pickles/random-1430-400-840.al_53.pickle,
random-1430-400-840.al_54,random-1430-400-840.al,FASP-benchmarks,pickles/random-1430-400-840.al_54.pickle,
random-1430-400-840.al_55,random-1430-400-840.al,FASP-benchmarks,pickles/random-1430-400-840.al_55.pickle,
random-1430-400-840.al_56,random-1430-400-840.al,FASP-benchmarks,pickles/random-1430-400-840.al_56.pickle,
random-1430-400-840.al_57,random-1430-400-840.al,FASP-benchmarks,pickles/random-1430-400-840.al_57.pickle,
random-1430-400-840.al_58,random-1430-400-840.al,FASP-benchmarks,pickles/random-1430-400-840.al_58.pickle,
random-1430-400-840.al_59,random-1430-400-840.al,FASP-benchmarks,pickles/random-1430-400-840.al_59.pickle,
random-1430-400-840.al_60,random-1430-400-840.al,FASP-benchmarks,pickles/random-1430-400-840.al_60.pickle,
random-1430-400-840.al_61,random-1430-400-840.al,FASP-benchmarks,pickles/random-1430-400-840.al_61.pickle,
random-1430-400-840.al_62,random-1430-400-840.al,FASP-benchmarks,pickles/random-1430-400-840.al_62.pickle,
random-1430-400-840.al_63,random-1430-400-840.al,FASP-benchmarks,pickles/random-1430-400-840.al_63.pickle,
random-1430-400-840.al_64,random-1430-400-840.al,FASP-benchmarks,pickles/random-1430-400-840.al_64.pickle,
random-1430-400-840.al_65,random-1430-400-840.al,FASP-benchmarks,pickles/random-1430-400-840.al_65.pickle,
random-1430-400-840.al_66,random-1430-400-840.al,FASP-benchmarks,pickles/random-1430-400-840.al_66.pickle,
random-1430-400-840.al_67,random-1430-400-840.al,FASP-benchmarks,pickles/random-1430-400-840.al_67.pickle,
random-1430-400-840.al_68,random-1430-400-840.al,FASP-benchmarks,pickles/random-1430-400-840.al_68.pickle,
random-1430-400-840.al_69,random-1430-400-840.al,FASP-benchmarks,pickles/random-1430-400-840.al_69.pickle,
random-1430-400-840.al_70,random-1430-400-840.al,FASP-benchmarks,pickles/random-1430-400-840.al_70.pickle,
random-1430-400-840.al_71,random-1430-400-840.al,FASP-benchmarks,pickles/random-1430-400-840.al_71.pickle,
random-1430-400-840.al_72,random-1430-400-840.al,FASP-benchmarks,pickles/random-1430-400-840.al_72.pickle,
random-1430-400-840.al_73,random-1430-400-840.al,FASP-benchmarks,pickles/random-1430-400-840.al_73.pickle,
random-1430-400-840.al_74,random-1430-400-840.al,FASP-benchmarks,pickles/random-1430-400-840.al_74.pickle,
random-1430-400-840.al_75,random-1430-400-840.al,FASP-benchmarks,pickles/random-1430-400-840.al_75.pickle,
random-1430-400-840.al_76,random-1430-400-840.al,FASP-benchmarks,pickles/random-1430-400-840.al_76.pickle,
random-1430-400-840.al_77,random-1430-400-840.al,FASP-benchmarks,pickles/random-1430-400-840.al_77.pickle,
random-1430-400-840.al_78,random-1430-400-840.al,FASP-benchmarks,pickles/random-1430-400-840.al_78.pickle,
random-1430-400-840.al_79,random-1430-400-840.al,FASP-benchmarks,pickles/random-1430-400-840.al_79.pickle,
random-1430-400-840.al_80,random-1430-400-840.al,FASP-benchmarks,pickles/random-1430-400-840.al_80.pickle,
random-1430-400-840.al_81,random-1430-400-840.al,FASP-benchmarks,pickles/random-1430-400-840.al_81.pickle,
random-1430-400-840.al_82,random-1430-400-840.al,FASP-benchmarks,pickles/random-1430-400-840.al_82.pickle,
random-1430-400-840.al_83,random-1430-400-840.al,FASP-benchmarks,pickles/random-1430-400-840.al_83.pickle,
random-1430-400-840.al_84,random-1430-400-840.al,FASP-benchmarks,pickles/random-1430-400-840.al_84.pickle,
random-1430-400-840.al_85,random-1430-400-840.al,FASP-benchmarks,pickles/random-1430-400-840.al_85.pickle,
random-1430-400-840.al_86,random-1430-400-840.al,FASP-benchmarks,pickles/random-1430-400-840.al_86.pickle,
random-1430-400-840.al_87,random-1430-400-840.al,FASP-benchmarks,pickles/random-1430-400-840.al_87.pickle,
random-1430-400-840.al_88,random-1430-400-840.al,FASP-benchmarks,pickles/random-1430-400-840.al_88.pickle,
random-1430-400-840.al_89,random-1430-400-840.al,FASP-benchmarks,pickles/random-1430-400-840.al_89.pickle,
random-1430-400-840.al_90,random-1430-400-840.al,FASP-benchmarks,pickles/random-1430-400-840.al_90.pickle,
random-1430-400-840.al_91,random-1430-400-840.al,FASP-benchmarks,pickles/random-1430-400-840.al_91.pickle,
random-1430-400-840.al_92,random-1430-400-840.al,FASP-benchmarks,pickles/random-1430-400-840.al_92.pickle,
random-1430-400-840.al_93,random-1430-400-840.al,FASP-benchmarks,pickles/random-1430-400-840.al_93.pickle,
random-1430-400-840.al_94,random-1430-400-840.al,FASP-benchmarks,pickles/random-1430-400-840.al_94.pickle,
random-1430-400-840.al_95,random-1430-400-840.al,FASP-benchmarks,pickles/random-1430-400-840.al_95.pickle,
random-1430-400-840.al_96,random-1430-400-840.al,FASP-benchmarks,pickles/random-1430-400-840.al_96.pickle,
random-1430-400-840.al_97,random-1430-400-840.al,FASP-benchmarks,pickles/random-1430-400-840.al_97.pickle,
random-1430-400-840.al_98,random-1430-400-840.al,FASP-benchmarks,pickles/random-1430-400-840.al_98.pickle,
random-1430-400-840.al_99,random-1430-400-840.al,FASP-benchmarks,pickles/random-1430-400-840.al_99.pickle,
random-1430-400-840.al_100,random-1430-400-840.al,FASP-benchmarks,pickles/random-1430-400-840.al_100.pickle,
random-1430-400-840.al_101,random-1430-400-840.al,FASP-benchmarks,pickles/random-1430-400-840.al_101.pickle,
random-1430-400-840.al_102,random-1430-400-840.al,FASP-benchmarks,pickles/random-1430-400-840.al_102.pickle,
random-1430-400-840.al_103,random-1430-400-840.al,FASP-benchmarks,pickles/random-1430-400-840.al_103.pickle,
random-1430-400-840.al_104,random-1430-400-840.al,FASP-benchmarks,pickles/random-1430-400-840.al_104.pickle,
random-1430-400-840.al_105,random-1430-400-840.al,FASP-benchmarks,pickles/random-1430-400-840.al_105.pickle,
random-1430-400-840.al_106,random-1430-400-840.al,FASP-benchmarks,pickles/random-1430-400-840.al_106.pickle,
random-1430-400-840.al_107,random-1430-400-840.al,FASP-benchmarks,pickles/random-1430-400-840.al_107.pickle,
random-1430-400-840.al_108,random-1430-400-840.al,FASP-benchmarks,pickles/random-1430-400-840.al_108.pickle,
random-1430-400-840.al_109,random-1430-400-840.al,FASP-benchmarks,pickles/random-1430-400-840.al_109.pickle,
random-1430-400-840.al_110,random-1430-400-840.al,FASP-benchmarks,pickles/random-1430-400-840.al_110.pickle,
random-1430-400-840.al_111,random-1430-400-840.al,FASP-benchmarks,pickles/random-1430-400-840.al_111.pickle,
randomoriented-0456-160-496.al_0,randomoriented-0456-160-496.al,FASP-benchmarks,pickles/randomoriented-0456-160-496.al_0.pickle,52
randomoriented-0456-160-496.al_1,randomoriented-0456-160-496.al,FASP-benchmarks,pickles/randomoriented-0456-160-496.al_1.pickle,52
randomoriented-0456-160-496.al_2,randomoriented-0456-160-496.al,FASP-benchmarks,pickles/randomoriented-0456-160-496.al_2.pickle,52
randomoriented-0456-160-496.al_3,randomoriented-0456-160-496.al,FASP-benchmarks,pickles/randomoriented-0456-160-496.al_3.pickle,52
randomoriented-0456-160-496.al_4,randomoriented-0456-160-496.al,FASP-benchmarks,pickles/randomoriented-0456-160-496.al_4.pickle,52
randomoriented-0456-160-496.al_5,randomoriented-0456-160-496.al,FASP-benchmarks,pickles/randomoriented-0456-160-496.al_5.pickle,52
randomoriented-0456-160-496.al_6,randomoriented-0456-160-496.al,FASP-benchmarks,pickles/randomoriented-0456-160-496.al_6.pickle,52
randomoriented-0456-160-496.al_7,randomoriented-0456-160-496.al,FASP-benchmarks,pickles/randomoriented-0456-160-496.al_7.pickle,52
randomoriented-0456-160-496.al_8,randomoriented-0456-160-496.al,FASP-benchmarks,pickles/randomoriented-0456-160-496.al_8.pickle,52
randomoriented-0456-160-496.al_9,randomoriented-0456-160-496.al,FASP-benchmarks,pickles/randomoriented-0456-160-496.al_9.pickle,52
triangulation-0304-310-924.al_0,triangulation-0304-310-924.al,FASP-benchmarks,pickles/triangulation-0304-310-924.al_0.pickle,102
triangulation-0304-310-924.al_1,triangulation-0304-310-924.al,FASP-benchmarks,pickles/triangulation-0304-310-924.al_1.pickle,102
triangulation-0304-310-924.al_2,triangulation-0304-310-924.al,FASP-benchmarks,pickles/triangulation-0304-310-924.al_2.pickle,102
triangulation-0304-310-924.al_3,triangulation-0304-310-924.al,FASP-benchmarks,pickles/triangulation-0304-310-924.al_3.pickle,102
triangulation-0304-310-924.al_4,triangulation-0304-310-924.al,FASP-benchmarks,pickles/triangulation-0304-310-924.al_4.pickle,102
triangulation-0304-310-924.al_5,triangulation-0304-310-924.al,FASP-benchmarks,pickles/triangulation-0304-310-924.al_5.pickle,102
triangulation-0304-310-924.al_6,triangulation-0304-310-924.al,FASP-benchmarks,pickles/triangulation-0304-310-924.al_6.pickle,102
triangulation-0304-310-924.al_7,triangulation-0304-310-924.al,FASP-benchmarks,pickles/triangulation-0304-310-924.al_7.pickle,102
triangulation-0304-310-924.al_8,triangulation-0304-310-924.al,FASP-benchmarks,pickles/triangulation-0304-310-924.al_8.pickle,102
triangulation-0304-310-924.al_9,triangulation-0304-310-924.al,FASP-benchmarks,pickles/triangulation-0304-310-924.al_9.pickle,102
triangulation-0304-310-924.al_10,triangulation-0304-310-924.al,FASP-benchmarks,pickles/triangulation-0304-310-924.al_10.pickle,102
triangulation-0304-310-924.al_11,triangulation-0304-310-924.al,FASP-benchmarks,pickles/triangulation-0304-310-924.al_11.pickle,102
triangulation-0304-310-924.al_12,triangulation-0304-310-924.al,FASP-benchmarks,pickles/triangulation-0304-310-924.al_12.pickle,102
triangulation-0304-310-924.al_13,triangulation-0304-310-924.al,FASP-benchmarks,pickles/triangulation-0304-310-924.al_13.pickle,102
triangulation-0304-310-924.al_14,triangulation-0304-310-924.al,FASP-benchmarks,pickles/triangulation-0304-310-924.al_14.pickle,102
triangulation-0304-310-924.al_15,triangulation-0304-310-924.al,FASP-benchmarks,pickles/triangulation-0304-310-924.al_15.pickle,102
triangulation-0304-310-924.al_16,triangulation-0304-310-924.al,FASP-benchmarks,pickles/triangulation-0304-310-924.al_16.pickle,102
triangulation-0304-310-924.al_17,triangulation-0304-310-924.al,FASP-benchmarks,pickles/triangulation-0304-310-924.al_17.pickle,102
triangulation-0304-310-924.al_18,triangulation-0304-310-924.al,FASP-benchmarks,pickles/triangulation-0304-310-924.al_18.pickle,102
triangulation-0304-310-924.al_19,triangulation-0304-310-924.al,FASP-benchmarks,pickles/triangulation-0304-310-924.al_19.pickle,102
triangulation-0304-310-924.al_20,triangulation-0304-310-924.al,FASP-benchmarks,pickles/triangulation-0304-310-924.al_20.pickle,102
triangulation-0304-310-924.al_21,triangulation-0304-310-924.al,FASP-benchmarks,pickles/triangulation-0304-310-924.al_21.pickle,102
triangulation-0304-310-924.al_22,triangulation-0304-310-924.al,FASP-benchmarks,pickles/triangulation-0304-310-924.al_22.pickle,102
triangulation-0304-310-924.al_23,triangulation-0304-310-924.al,FASP-benchmarks,pickles/triangulation-0304-310-924.al_23.pickle,102
triangulation-0304-310-924.al_24,triangulation-0304-310-924.al,FASP-benchmarks,pickles/triangulation-0304-310-924.al_24.pickle,102
triangulation-0304-310-924.al_25,triangulation-0304-310-924.al,FASP-benchmarks,pickles/triangulation-0304-310-924.al_25.pickle,102
randomlarge-0102-200-400.al_0,randomlarge-0102-200-400.al,FASP-benchmarks,pickles/randomlarge-0102-200-400.al_0.pickle,20
randomlarge-0102-200-400.al_1,randomlarge-0102-200-400.al,FASP-benchmarks,pickles/randomlarge-0102-200-400.al_1.pickle,20
randomlarge-0102-200-400.al_2,randomlarge-0102-200-400.al,FASP-benchmarks,pickles/randomlarge-0102-200-400.al_2.pickle,20
randomlarge-0102-200-400.al_3,randomlarge-0102-200-400.al,FASP-benchmarks,pickles/randomlarge-0102-200-400.al_3.pickle,20
randomlarge-0102-200-400.al_4,randomlarge-0102-200-400.al,FASP-benchmarks,pickles/randomlarge-0102-200-400.al_4.pickle,20
randomlarge-0102-200-400.al_5,randomlarge-0102-200-400.al,FASP-benchmarks,pickles/randomlarge-0102-200-400.al_5.pickle,20
randomlarge-0102-200-400.al_6,randomlarge-0102-200-400.al,FASP-benchmarks,pickles/randomlarge-0102-200-400.al_6.pickle,20
randomlarge-0102-200-400.al_7,randomlarge-0102-200-400.al,FASP-benchmarks,pickles/randomlarge-0102-200-400.al_7.pickle,20
randomlarge-0102-200-400.al_8,randomlarge-0102-200-400.al,FASP-benchmarks,pickles/randomlarge-0102-200-400.al_8.pickle,20
randomlarge-0102-200-400.al_9,randomlarge-0102-200-400.al,FASP-benchmarks,pickles/randomlarge-0102-200-400.al_9.pickle,20
randomlarge-0102-200-400.al_10,randomlarge-0102-200-400.al,FASP-benchmarks,pickles/randomlarge-0102-200-400.al_10.pickle,20
randomlarge-0102-200-400.al_11,randomlarge-0102-200-400.al,FASP-benchmarks,pickles/randomlarge-0102-200-400.al_11.pickle,20
randomlarge-0102-200-400.al_12,randomlarge-0102-200-400.al,FASP-benchmarks,pickles/randomlarge-0102-200-400.al_12.pickle,20
randomlarge-0102-200-400.al_13,randomlarge-0102-200-400.al,FASP-benchmarks,pickles/randomlarge-0102-200-400.al_13.pickle,20
randomlarge-0102-200-400.al_14,randomlarge-0102-200-400.al,FASP-benchmarks,pickles/randomlarge-0102-200-400.al_14.pickle,20
randomlarge-0102-200-400.al_15,randomlarge-0102-200-400.al,FASP-benchmarks,pickles/randomlarge-0102-200-400.al_15.pickle,20
randomlarge-0102-200-400.al_16,randomlarge-0102-200-400.al,FASP-benchmarks,pickles/randomlarge-0102-200-400.al_16.pickle,20
randomlarge-0102-200-400.al_17,randomlarge-0102-200-400.al,FASP-benchmarks,pickles/randomlarge-0102-200-400.al_17.pickle,20
randomlarge-0102-200-400.al_18,randomlarge-0102-200-400.al,FASP-benchmarks,pickles/randomlarge-0102-200-400.al_18.pickle,20
randomlarge-0102-200-400.al_19,randomlarge-0102-200-400.al,FASP-benchmarks,pickles/randomlarge-0102-200-400.al_19.pickle,20
randomlarge-0102-200-400.al_20,randomlarge-0102-200-400.al,FASP-benchmarks,pickles/randomlarge-0102-200-400.al_20.pickle,20
randomlarge-0102-200-400.al_21,randomlarge-0102-200-400.al,FASP-benchmarks,pickles/randomlarge-0102-200-400.al_21.pickle,20
randomlarge-0102-200-400.al_22,randomlarge-0102-200-400.al,FASP-benchmarks,pickles/randomlarge-0102-200-400.al_22.pickle,20
randomlarge-0102-200-400.al_23,randomlarge-0102-200-400.al,FASP-benchmarks,pickles/randomlarge-0102-200-400.al_23.pickle,20
randomlarge-0102-200-400.al_24,randomlarge-0102-200-400.al,FASP-benchmarks,pickles/randomlarge-0102-200-400.al_24.pickle,20
randomlarge-0102-200-400.al_25,randomlarge-0102-200-400.al,FASP-benchmarks,pickles/randomlarge-0102-200-400.al_25.pickle,20
randomlarge-0102-200-400.al_26,randomlarge-0102-200-400.al,FASP-benchmarks,pickles/randomlarge-0102-200-400.al_26.pickle,20
randomlarge-0102-200-400.al_27,randomlarge-0102-200-400.al,FASP-benchmarks,pickles/randomlarge-0102-200-400.al_27.pickle,20
randomlarge-0102-200-400.al_28,randomlarge-0102-200-400.al,FASP-benchmarks,pickles/randomlarge-0102-200-400.al_28.pickle,20
randomlarge-0102-200-400.al_29,randomlarge-0102-200-400.al,FASP-benchmarks,pickles/randomlarge-0102-200-400.al_29.pickle,20
randomlarge-0102-200-400.al_30,randomlarge-0102-200-400.al,FASP-benchmarks,pickles/randomlarge-0102-200-400.al_30.pickle,20
randomlarge-0102-200-400.al_31,randomlarge-0102-200-400.al,FASP-benchmarks,pickles/randomlarge-0102-200-400.al_31.pickle,20
randomlarge-0102-200-400.al_32,randomlarge-0102-200-400.al,FASP-benchmarks,pickles/randomlarge-0102-200-400.al_32.pickle,20
randomlarge-0102-200-400.al_33,randomlarge-0102-200-400.al,FASP-benchmarks,pickles/randomlarge-0102-200-400.al_33.pickle,20
randomlarge-0102-200-400.al_34,randomlarge-0102-200-400.al,FASP-benchmarks,pickles/randomlarge-0102-200-400.al_34.pickle,20
randomlarge-0102-200-400.al_35,randomlarge-0102-200-400.al,FASP-benchmarks,pickles/randomlarge-0102-200-400.al_35.pickle,20
randomlarge-0102-200-400.al_36,randomlarge-0102-200-400.al,FASP-benchmarks,pickles/randomlarge-0102-200-400.al_36.pickle,20
randomlarge-0102-200-400.al_37,randomlarge-0102-200-400.al,FASP-benchmarks,pickles/randomlarge-0102-200-400.al_37.pickle,20
randomlarge-0102-200-400.al_38,randomlarge-0102-200-400.al,FASP-benchmarks,pickles/randomlarge-0102-200-400.al_38.pickle,20
randomlarge-0102-200-400.al_39,randomlarge-0102-200-400.al,FASP-benchmarks,pickles/randomlarge-0102-200-400.al_39.pickle,20
randomlarge-0102-200-400.al_40,randomlarge-0102-200-400.al,FASP-benchmarks,pickles/randomlarge-0102-200-400.al_40.pickle,20
randomlarge-0102-200-400.al_41,randomlarge-0102-200-400.al,FASP-benchmarks,pickles/randomlarge-0102-200-400.al_41.pickle,20
randomlarge-0102-200-400.al_42,randomlarge-0102-200-400.al,FASP-benchmarks,pickles/randomlarge-0102-200-400.al_42.pickle,20
randomlarge-0102-200-400.al_43,randomlarge-0102-200-400.al,FASP-benchmarks,pickles/randomlarge-0102-200-400.al_43.pickle,20
randomlarge-0102-200-400.al_44,randomlarge-0102-200-400.al,FASP-benchmarks,pickles/randomlarge-0102-200-400.al_44.pickle,20
randomlarge-0102-200-400.al_45,randomlarge-0102-200-400.al,FASP-benchmarks,pickles/randomlarge-0102-200-400.al_45.pickle,20
randomlarge-0102-200-400.al_46,randomlarge-0102-200-400.al,FASP-benchmarks,pickles/randomlarge-0102-200-400.al_46.pickle,20
randomlarge-0102-200-400.al_47,randomlarge-0102-200-400.al,FASP-benchmarks,pickles/randomlarge-0102-200-400.al_47.pickle,20
randomlarge-0102-200-400.al_48,randomlarge-0102-200-400.al,FASP-benchmarks,pickles/randomlarge-0102-200-400.al_48.pickle,20
randomlarge-0102-200-400.al_49,randomlarge-0102-200-400.al,FASP-benchmarks,pickles/randomlarge-0102-200-400.al_49.pickle,20
randomlarge-0102-200-400.al_50,randomlarge-0102-200-400.al,FASP-benchmarks,pickles/randomlarge-0102-200-400.al_50.pickle,20
randomlarge-0102-200-400.al_51,randomlarge-0102-200-400.al,FASP-benchmarks,pickles/randomlarge-0102-200-400.al_51.pickle,20
randomlarge-0102-200-400.al_52,randomlarge-0102-200-400.al,FASP-benchmarks,pickles/randomlarge-0102-200-400.al_52.pickle,20
randomlarge-0102-200-400.al_53,randomlarge-0102-200-400.al,FASP-benchmarks,pickles/randomlarge-0102-200-400.al_53.pickle,20
randomlarge-0102-200-400.al_54,randomlarge-0102-200-400.al,FASP-benchmarks,pickles/randomlarge-0102-200-400.al_54.pickle,20
randomlarge-0102-200-400.al_55,randomlarge-0102-200-400.al,FASP-benchmarks,pickles/randomlarge-0102-200-400.al_55.pickle,20
randomlarge-0102-200-400.al_56,randomlarge-0102-200-400.al,FASP-benchmarks,pickles/randomlarge-0102-200-400.al_56.pickle,20
randomlarge-0102-200-400.al_57,randomlarge-0102-200-400.al,FASP-benchmarks,pickles/randomlarge-0102-200-400.al_57.pickle,20
randomlarge-0102-200-400.al_58,randomlarge-0102-200-400.al,FASP-benchmarks,pickles/randomlarge-0102-200-400.al_58.pickle,20
randomlarge-0102-200-400.al_59,randomlarge-0102-200-400.al,FASP-benchmarks,pickles/randomlarge-0102-200-400.al_59.pickle,20
randomlarge-0102-200-400.al_60,randomlarge-0102-200-400.al,FASP-benchmarks,pickles/randomlarge-0102-200-400.al_60.pickle,20
randomlarge-0102-200-400.al_61,randomlarge-0102-200-400.al,FASP-benchmarks,pickles/randomlarge-0102-200-400.al_61.pickle,20
randomlarge-0102-200-400.al_62,randomlarge-0102-200-400.al,FASP-benchmarks,pickles/randomlarge-0102-200-400.al_62.pickle,20
randomlarge-0102-200-400.al_63,randomlarge-0102-200-400.al,FASP-benchmarks,pickles/randomlarge-0102-200-400.al_63.pickle,20
randomlarge-0126-250-450.al_0,randomlarge-0126-250-450.al,FASP-benchmarks,pickles/randomlarge-0126-250-450.al_0.pickle,16
randomlarge-0126-250-450.al_1,randomlarge-0126-250-450.al,FASP-benchmarks,pickles/randomlarge-0126-250-450.al_1.pickle,16
randomlarge-0126-250-450.al_2,randomlarge-0126-250-450.al,FASP-benchmarks,pickles/randomlarge-0126-250-450.al_2.pickle,16
randomlarge-0126-250-450.al_3,randomlarge-0126-250-450.al,FASP-benchmarks,pickles/randomlarge-0126-250-450.al_3.pickle,16
randomlarge-0126-250-450.al_4,randomlarge-0126-250-450.al,FASP-benchmarks,pickles/randomlarge-0126-250-450.al_4.pickle,16
randomlarge-0126-250-450.al_5,randomlarge-0126-250-450.al,FASP-benchmarks,pickles/randomlarge-0126-250-450.al_5.pickle,16
randomlarge-0126-250-450.al_6,randomlarge-0126-250-450.al,FASP-benchmarks,pickles/randomlarge-0126-250-450.al_6.pickle,16
randomlarge-0126-250-450.al_7,randomlarge-0126-250-450.al,FASP-benchmarks,pickles/randomlarge-0126-250-450.al_7.pickle,16
randomlarge-0126-250-450.al_8,randomlarge-0126-250-450.al,FASP-benchmarks,pickles/randomlarge-0126-250-450.al_8.pickle,16
randomlarge-0126-250-450.al_9,randomlarge-0126-250-450.al,FASP-benchmarks,pickles/randomlarge-0126-250-450.al_9.pickle,16
randomlarge-0126-250-450.al_10,randomlarge-0126-250-450.al,FASP-benchmarks,pickles/randomlarge-0126-250-450.al_10.pickle,16
randomlarge-0126-250-450.al_11,randomlarge-0126-250-450.al,FASP-benchmarks,pickles/randomlarge-0126-250-450.al_11.pickle,16
randomlarge-0126-250-450.al_12,randomlarge-0126-250-450.al,FASP-benchmarks,pickles/randomlarge-0126-250-450.al_12.pickle,16
randomlarge-0126-250-450.al_13,randomlarge-0126-250-450.al,FASP-benchmarks,pickles/randomlarge-0126-250-450.al_13.pickle,16
randomlarge-0126-250-450.al_14,randomlarge-0126-250-450.al,FASP-benchmarks,pickles/randomlarge-0126-250-450.al_14.pickle,16
randomlarge-0126-250-450.al_15,randomlarge-0126-250-450.al,FASP-benchmarks,pickles/randomlarge-0126-250-450.al_15.pickle,16
randomlarge-0126-250-450.al_16,randomlarge-0126-250-450.al,FASP-benchmarks,pickles/randomlarge-0126-250-450.al_16.pickle,16
randomlarge-0126-250-450.al_17,randomlarge-0126-250-450.al,FASP-benchmarks,pickles/randomlarge-0126-250-450.al_17.pickle,16
randomlarge-0126-250-450.al_18,randomlarge-0126-250-450.al,FASP-benchmarks,pickles/randomlarge-0126-250-450.al_18.pickle,16
randomlarge-0126-250-450.al_19,randomlarge-0126-250-450.al,FASP-benchmarks,pickles/randomlarge-0126-250-450.al_19.pickle,16
randomlarge-0126-250-450.al_20,randomlarge-0126-250-450.al,FASP-benchmarks,pickles/randomlarge-0126-250-450.al_20.pickle,16
randomlarge-0126-250-450.al_21,randomlarge-0126-250-450.al,FASP-benchmarks,pickles/randomlarge-0126-250-450.al_21.pickle,16
randomlarge-0126-250-450.al_22,randomlarge-0126-250-450.al,FASP-benchmarks,pickles/randomlarge-0126-250-450.al_22.pickle,16
randomlarge-0126-250-450.al_23,randomlarge-0126-250-450.al,FASP-benchmarks,pickles/randomlarge-0126-250-450.al_23.pickle,16
randomlarge-0126-250-450.al_24,randomlarge-0126-250-450.al,FASP-benchmarks,pickles/randomlarge-0126-250-450.al_24.pickle,16
randomlarge-0126-250-450.al_25,randomlarge-0126-250-450.al,FASP-benchmarks,pickles/randomlarge-0126-250-450.al_25.pickle,16
randomlarge-0126-250-450.al_26,randomlarge-0126-250-450.al,FASP-benchmarks,pickles/randomlarge-0126-250-450.al_26.pickle,16
randomlarge-0126-250-450.al_27,randomlarge-0126-250-450.al,FASP-benchmarks,pickles/randomlarge-0126-250-450.al_27.pickle,16
randomlarge-0126-250-450.al_28,randomlarge-0126-250-450.al,FASP-benchmarks,pickles/randomlarge-0126-250-450.al_28.pickle,16
randomlarge-0126-250-450.al_29,randomlarge-0126-250-450.al,FASP-benchmarks,pickles/randomlarge-0126-250-450.al_29.pickle,16
randomlarge-0126-250-450.al_30,randomlarge-0126-250-450.al,FASP-benchmarks,pickles/randomlarge-0126-250-450.al_30.pickle,16
randomlarge-0126-250-450.al_31,randomlarge-0126-250-450.al,FASP-benchmarks,pickles/randomlarge-0126-250-450.al_31.pickle,16
randomlarge-0126-250-450.al_32,randomlarge-0126-250-450.al,FASP-benchmarks,pickles/randomlarge-0126-250-450.al_32.pickle,16
randomlarge-0126-250-450.al_33,randomlarge-0126-250-450.al,FASP-benchmarks,pickles/randomlarge-0126-250-450.al_33.pickle,16
randomlarge-0126-250-450.al_34,randomlarge-0126-250-450.al,FASP-benchmarks,pickles/randomlarge-0126-250-450.al_34.pickle,16
randomlarge-0126-250-450.al_35,randomlarge-0126-250-450.al,FASP-benchmarks,pickles/randomlarge-0126-250-450.al_35.pickle,16
randomlarge-0126-250-450.al_36,randomlarge-0126-250-450.al,FASP-benchmarks,pickles/randomlarge-0126-250-450.al_36.pickle,16
randomlarge-0126-250-450.al_37,randomlarge-0126-250-450.al,FASP-benchmarks,pickles/randomlarge-0126-250-450.al_37.pickle,16
randomlarge-0126-250-450.al_38,randomlarge-0126-250-450.al,FASP-benchmarks,pickles/randomlarge-0126-250-450.al_38.pickle,16
randomlarge-0126-250-450.al_39,randomlarge-0126-250-450.al,FASP-benchmarks,pickles/randomlarge-0126-250-450.al_39.pickle,16
randomlarge-0126-250-450.al_40,randomlarge-0126-250-450.al,FASP-benchmarks,pickles/randomlarge-0126-250-450.al_40.pickle,16
randomlarge-0126-250-450.al_41,randomlarge-0126-250-450.al,FASP-benchmarks,pickles/randomlarge-0126-250-450.al_41.pickle,16
randomlarge-0126-250-450.al_42,randomlarge-0126-250-450.al,FASP-benchmarks,pickles/randomlarge-0126-250-450.al_42.pickle,16
randomlarge-0126-250-450.al_43,randomlarge-0126-250-450.al,FASP-benchmarks,pickles/randomlarge-0126-250-450.al_43.pickle,16
randomlarge-0126-250-450.al_44,randomlarge-0126-250-450.al,FASP-benchmarks,pickles/randomlarge-0126-250-450.al_44.pickle,16
randomlarge-0126-250-450.al_45,randomlarge-0126-250-450.al,FASP-benchmarks,pickles/randomlarge-0126-250-450.al_45.pickle,16
randomlarge-0126-250-450.al_46,randomlarge-0126-250-450.al,FASP-benchmarks,pickles/randomlarge-0126-250-450.al_46.pickle,16
randomlarge-0126-250-450.al_47,randomlarge-0126-250-450.al,FASP-benchmarks,pickles/randomlarge-0126-250-450.al_47.pickle,16
randomlarge-0126-250-450.al_48,randomlarge-0126-250-450.al,FASP-benchmarks,pickles/randomlarge-0126-250-450.al_48.pickle,16
randomlarge-0126-250-450.al_49,randomlarge-0126-250-450.al,FASP-benchmarks,pickles/randomlarge-0126-250-450.al_49.pickle,16
randomlarge-0126-250-450.al_50,randomlarge-0126-250-450.al,FASP-benchmarks,pickles/randomlarge-0126-250-450.al_50.pickle,16
randomlarge-0126-250-450.al_51,randomlarge-0126-250-450.al,FASP-benchmarks,pickles/randomlarge-0126-250-450.al_51.pickle,16
randomlarge-0126-250-450.al_52,randomlarge-0126-250-450.al,FASP-benchmarks,pickles/randomlarge-0126-250-450.al_52.pickle,16
randomlarge-0126-250-450.al_53,randomlarge-0126-250-450.al,FASP-benchmarks,pickles/randomlarge-0126-250-450.al_53.pickle,16
randomlarge-0126-250-450.al_54,randomlarge-0126-250-450.al,FASP-benchmarks,pickles/randomlarge-0126-250-450.al_54.pickle,16
randomlarge-0126-250-450.al_55,randomlarge-0126-250-450.al,FASP-benchmarks,pickles/randomlarge-0126-250-450.al_55.pickle,16
randomlarge-0126-250-450.al_56,randomlarge-0126-250-450.al,FASP-benchmarks,pickles/randomlarge-0126-250-450.al_56.pickle,16
randomlarge-0126-250-450.al_57,randomlarge-0126-250-450.al,FASP-benchmarks,pickles/randomlarge-0126-250-450.al_57.pickle,16
randomlarge-0126-250-450.al_58,randomlarge-0126-250-450.al,FASP-benchmarks,pickles/randomlarge-0126-250-450.al_58.pickle,16
randomlarge-0126-250-450.al_59,randomlarge-0126-250-450.al,FASP-benchmarks,pickles/randomlarge-0126-250-450.al_59.pickle,16
randomlarge-0126-250-450.al_60,randomlarge-0126-250-450.al,FASP-benchmarks,pickles/randomlarge-0126-250-450.al_60.pickle,16
randomlarge-0126-250-450.al_61,randomlarge-0126-250-450.al,FASP-benchmarks,pickles/randomlarge-0126-250-450.al_61.pickle,16
randomlarge-0126-250-450.al_62,randomlarge-0126-250-450.al,FASP-benchmarks,pickles/randomlarge-0126-250-450.al_62.pickle,16
randomlarge-0126-250-450.al_63,randomlarge-0126-250-450.al,FASP-benchmarks,pickles/randomlarge-0126-250-450.al_63.pickle,16
randomlarge-0126-250-450.al_64,randomlarge-0126-250-450.al,FASP-benchmarks,pickles/randomlarge-0126-250-450.al_64.pickle,16
randomlarge-0126-250-450.al_65,randomlarge-0126-250-450.al,FASP-benchmarks,pickles/randomlarge-0126-250-450.al_65.pickle,16
randomlarge-0126-250-450.al_66,randomlarge-0126-250-450.al,FASP-benchmarks,pickles/randomlarge-0126-250-450.al_66.pickle,16
randomlarge-0126-250-450.al_67,randomlarge-0126-250-450.al,FASP-benchmarks,pickles/randomlarge-0126-250-450.al_67.pickle,16
randomlarge-0126-250-450.al_68,randomlarge-0126-250-450.al,FASP-benchmarks,pickles/randomlarge-0126-250-450.al_68.pickle,16
randomlarge-0126-250-450.al_69,randomlarge-0126-250-450.al,FASP-benchmarks,pickles/randomlarge-0126-250-450.al_69.pickle,16
randomlarge-0126-250-450.al_70,randomlarge-0126-250-450.al,FASP-benchmarks,pickles/randomlarge-0126-250-450.al_70.pickle,16
randomlarge-0126-250-450.al_71,randomlarge-0126-250-450.al,FASP-benchmarks,pickles/randomlarge-0126-250-450.al_71.pickle,16
randomlarge-0126-250-450.al_72,randomlarge-0126-250-450.al,FASP-benchmarks,pickles/randomlarge-0126-250-450.al_72.pickle,16
randomlarge-0126-250-450.al_73,randomlarge-0126-250-450.al,FASP-benchmarks,pickles/randomlarge-0126-250-450.al_73.pickle,16
randomlarge-0126-250-450.al_74,randomlarge-0126-250-450.al,FASP-benchmarks,pickles/randomlarge-0126-250-450.al_74.pickle,16
randomlarge-0126-250-450.al_75,randomlarge-0126-250-450.al,FASP-benchmarks,pickles/randomlarge-0126-250-450.al_75.pickle,16
randomlarge-0126-250-450.al_76,randomlarge-0126-250-450.al,FASP-benchmarks,pickles/randomlarge-0126-250-450.al_76.pickle,16
randomlarge-0126-250-450.al_77,randomlarge-0126-250-450.al,FASP-benchmarks,pickles/randomlarge-0126-250-450.al_77.pickle,16
randomlarge-0126-250-450.al_78,randomlarge-0126-250-450.al,FASP-benchmarks,pickles/randomlarge-0126-250-450.al_78.pickle,16
randomlarge-0126-250-450.al_79,randomlarge-0126-250-450.al,FASP-benchmarks,pickles/randomlarge-0126-250-450.al_79.pickle,16
randomlarge-0126-250-450.al_80,randomlarge-0126-250-450.al,FASP-benchmarks,pickles/randomlarge-0126-250-450.al_80.pickle,16
randomlarge-0126-250-450.al_81,randomlarge-0126-250-450.al,FASP-benchmarks,pickles/randomlarge-0126-250-450.al_81.pickle,16
randomlarge-0126-250-450.al_82,randomlarge-0126-250-450.al,FASP-benchmarks,pickles/randomlarge-0126-250-450.al_82.pickle,16
randomlarge-0126-250-450.al_83,randomlarge-0126-250-450.al,FASP-benchmarks,pickles/randomlarge-0126-250-450.al_83.pickle,16
randomlarge-0126-250-450.al_84,randomlarge-0126-250-450.al,FASP-benchmarks,pickles/randomlarge-0126-250-450.al_84.pickle,16
randomlarge-0126-250-450.al_85,randomlarge-0126-250-450.al,FASP-benchmarks,pickles/randomlarge-0126-250-450.al_85.pickle,16
randomlarge-0126-250-450.al_86,randomlarge-0126-250-450.al,FASP-benchmarks,pickles/randomlarge-0126-250-450.al_86.pickle,16
randomlarge-0126-250-450.al_87,randomlarge-0126-250-450.al,FASP-benchmarks,pickles/randomlarge-0126-250-450.al_87.pickle,16
randomlarge-0126-250-450.al_88,randomlarge-0126-250-450.al,FASP-benchmarks,pickles/randomlarge-0126-250-450.al_88.pickle,16
randomlarge-0126-250-450.al_89,randomlarge-0126-250-450.al,FASP-benchmarks,pickles/randomlarge-0126-250-450.al_89.pickle,16
randomlarge-0126-250-450.al_90,randomlarge-0126-250-450.al,FASP-benchmarks,pickles/randomlarge-0126-250-450.al_90.pickle,16
randomlarge-0126-250-450.al_91,randomlarge-0126-250-450.al,FASP-benchmarks,pickles/randomlarge-0126-250-450.al_91.pickle,16
randomlarge-0126-250-450.al_92,randomlarge-0126-250-450.al,FASP-benchmarks,pickles/randomlarge-0126-250-450.al_92.pickle,16
randomlarge-0126-250-450.al_93,randomlarge-0126-250-450.al,FASP-benchmarks,pickles/randomlarge-0126-250-450.al_93.pickle,16
randomlarge-0126-250-450.al_94,randomlarge-0126-250-450.al,FASP-benchmarks,pickles/randomlarge-0126-250-450.al_94.pickle,16
randomlarge-0126-250-450.al_95,randomlarge-0126-250-450.al,FASP-benchmarks,pickles/randomlarge-0126-250-450.al_95.pickle,16
randomlarge-0126-250-450.al_96,randomlarge-0126-250-450.al,FASP-benchmarks,pickles/randomlarge-0126-250-450.al_96.pickle,16
randomlarge-0126-250-450.al_97,randomlarge-0126-250-450.al,FASP-benchmarks,pickles/randomlarge-0126-250-450.al_97.pickle,16
randomlarge-0126-250-450.al_98,randomlarge-0126-250-450.al,FASP-benchmarks,pickles/randomlarge-0126-250-450.al_98.pickle,16
randomlarge-0126-250-450.al_99,randomlarge-0126-250-450.al,FASP-benchmarks,pickles/randomlarge-0126-250-450.al_99.pickle,16
randomlarge-0126-250-450.al_100,randomlarge-0126-250-450.al,FASP-benchmarks,pickles/randomlarge-0126-250-450.al_100.pickle,16
randomlarge-0126-250-450.al_101,randomlarge-0126-250-450.al,FASP-benchmarks,pickles/randomlarge-0126-250-450.al_101.pickle,16
randomlarge-0126-250-450.al_102,randomlarge-0126-250-450.al,FASP-benchmarks,pickles/randomlarge-0126-250-450.al_102.pickle,16
randomlarge-0126-250-450.al_103,randomlarge-0126-250-450.al,FASP-benchmarks,pickles/randomlarge-0126-250-450.al_103.pickle,16
smallworld2-0586-90-280-1080.al_0,smallworld2-0586-90-280-1080.al,FASP-benchmarks,pickles/smallworld2-0586-90-280-1080.al_0.pickle,
smallworld2-0586-90-280-1080.al_1,smallworld2-0586-90-280-1080.al,FASP-benchmarks,pickles/smallworld2-0586-90-280-1080.al_1.pickle,
smallworld2-0586-90-280-1080.al_2,smallworld2-0586-90-280-1080.al,FASP-benchmarks,pickles/smallworld2-0586-90-280-1080.al_2.pickle,
smallworld2-0586-90-280-1080.al_3,smallworld2-0586-90-280-1080.al,FASP-benchmarks,pickles/smallworld2-0586-90-280-1080.al_3.pickle,
smallworld2-0586-90-280-1080.al_4,smallworld2-0586-90-280-1080.al,FASP-benchmarks,pickles/smallworld2-0586-90-280-1080.al_4.pickle,
smallworld2-0586-90-280-1080.al_5,smallworld2-0586-90-280-1080.al,FASP-benchmarks,pickles/smallworld2-0586-90-280-1080.al_5.pickle,
smallworld2-0586-90-280-1080.al_6,smallworld2-0586-90-280-1080.al,FASP-benchmarks,pickles/smallworld2-0586-90-280-1080.al_6.pickle,
smallworld2-0586-90-280-1080.al_7,smallworld2-0586-90-280-1080.al,FASP-benchmarks,pickles/smallworld2-0586-90-280-1080.al_7.pickle,
smallworld2-0586-90-280-1080.al_8,smallworld2-0586-90-280-1080.al,FASP-benchmarks,pickles/smallworld2-0586-90-280-1080.al_8.pickle,
smallworld2-0531-25-260-1000.al_0,smallworld2-0531-25-260-1000.al,FASP-benchmarks,pickles/smallworld2-0531-25-260-1000.al_0.pickle,
smallworld2-0531-25-260-1000.al_1,smallworld2-0531-25-260-1000.al,FASP-benchmarks,pickles/smallworld2-0531-25-260-1000.al_1.pickle,
smallworld2-0531-25-260-1000.al_2,smallworld2-0531-25-260-1000.al,FASP-benchmarks,pickles/smallworld2-0531-25-260-1000.al_2.pickle,
smallworld2-0531-25-260-1000.al_3,smallworld2-0531-25-260-1000.al,FASP-benchmarks,pickles/smallworld2-0531-25-260-1000.al_3.pickle,
smallworld2-0531-25-260-1000.al_4,smallworld2-0531-25-260-1000.al,FASP-benchmarks,pickles/smallworld2-0531-25-260-1000.al_4.pickle,
smallworld2-0531-25-260-1000.al_5,smallworld2-0531-25-260-1000.al,FASP-benchmarks,pickles/smallworld2-0531-25-260-1000.al_5.pickle,
delaunay3d-0080-80-497.al_0,delaunay3d-0080-80-497.al,FASP-benchmarks,pickles/delaunay3d-0080-80-497.al_0.pickle,101
bad6.d_0,bad6.d,FVS_competition,pickles/bad6.d_0.pickle,
small.d_5,small.d,FVS_competition,pickles/small.d_5.pickle,
sample.d_0,sample.d,FVS_competition,pickles/sample.d_0.pickle,
r1000.d_0,r1000.d,FVS_competition,pickles/r1000.d_0.pickle,
r1000.d_1,r1000.d,FVS_competition,pickles/r1000.d_1.pickle,
r1000.d_2,r1000.d,FVS_competition,pickles/r1000.d_2.pickle,
r1000.d_3,r1000.d,FVS_competition,pickles/r1000.d_3.pickle,
r1000.d_4,r1000.d,FVS_competition,pickles/r1000.d_4.pickle,
r1000.d_5,r1000.d,FVS_competition,pickles/r1000.d_5.pickle,
r1000.d_6,r1000.d,FVS_competition,pickles/r1000.d_6.pickle,
r1000.d_7,r1000.d,FVS_competition,pickles/r1000.d_7.pickle,
r1000.d_8,r1000.d,FVS_competition,pickles/r1000.d_8.pickle,
r1000.d_9,r1000.d,FVS_competition,pickles/r1000.d_9.pickle,
r1000.d_10,r1000.d,FVS_competition,pickles/r1000.d_10.pickle,
r1000.d_11,r1000.d,FVS_competition,pickles/r1000.d_11.pickle,
r1000.d_12,r1000.d,FVS_competition,pickles/r1000.d_12.pickle,
r1000.d_13,r1000.d,FVS_competition,pickles/r1000.d_13.pickle,
r1000.d_14,r1000.d,FVS_competition,pickles/r1000.d_14.pickle,
r1000.d_15,r1000.d,FVS_competition,pickles/r1000.d_15.pickle,
r1000.d_16,r1000.d,FVS_competition,pickles/r1000.d_16.pickle,
r1000.d_17,r1000.d,FVS_competition,pickles/r1000.d_17.pickle,
r1000.d_18,r1000.d,FVS_competition,pickles/r1000.d_18.pickle,
r1000.d_19,r1000.d,FVS_competition,pickles/r1000.d_19.pickle,
r1000.d_20,r1000.d,FVS_competition,pickles/r1000.d_20.pickle,
r1000.d_21,r1000.d,FVS_competition,pickles/r1000.d_21.pickle,
r1000.d_22,r1000.d,FVS_competition,pickles/r1000.d_22.pickle,
r1000.d_23,r1000.d,FVS_competition,pickles/r1000.d_23.pickle,
r1000.d_24,r1000.d,FVS_competition,pickles/r1000.d_24.pickle,
r1000.d_25,r1000.d,FVS_competition,pickles/r1000.d_25.pickle,
r1000.d_26,r1000.d,FVS_competition,pickles/r1000.d_26.pickle,
r1000.d_27,r1000.d,FVS_competition,pickles/r1000.d_27.pickle,
r1000.d_28,r1000.d,FVS_competition,pickles/r1000.d_28.pickle,
r1000.d_29,r1000.d,FVS_competition,pickles/r1000.d_29.pickle,
r1000.d_30,r1000.d,FVS_competition,pickles/r1000.d_30.pickle,
r1000.d_31,r1000.d,FVS_competition,pickles/r1000.d_31.pickle,
r1000.d_32,r1000.d,FVS_competition,pickles/r1000.d_32.pickle,
r1000.d_33,r1000.d,FVS_competition,pickles/r1000.d_33.pickle,
r1000.d_34,r1000.d,FVS_competition,pickles/r1000.d_34.pickle,
r1000.d_35,r1000.d,FVS_competition,pickles/r1000.d_35.pickle,
r1000.d_36,r1000.d,FVS_competition,pickles/r1000.d_36.pickle,
r1000.d_37,r1000.d,FVS_competition,pickles/r1000.d_37.pickle,
r1000.d_38,r1000.d,FVS_competition,pickles/r1000.d_38.pickle,
r1000.d_39,r1000.d,FVS_competition,pickles/r1000.d_39.pickle,
howard-min.d_0,howard-min.d,FVS_competition,pickles/howard-min.d_0.pickle,
howard-min.d_1,howard-min.d,FVS_competition,pickles/howard-min.d_1.pickle,
gr1.d_0,gr1.d,FVS_competition,pickles/gr1.d_0.pickle,
gr1.d_1,gr1.d,FVS_competition,pickles/gr1.d_1.pickle,
complete9.d_0,complete9.d,FVS_competition,pickles/complete9.d_0.pickle,
example.new.d_0,example.new.d,FVS_competition,pickles/example.new.d_0.pickle,
example.new.d_1,example.new.d,FVS_competition,pickles/example.new.d_1.pickle,
example.new.d_2,example.new.d,FVS_competition,pickles/example.new.d_2.pickle,
example.new.d_3,example.new.d,FVS_competition,pickles/example.new.d_3.pickle,
example.new.d_4,example.new.d,FVS_competition,pickles/example.new.d_4.pickle,
example.new.d_5,example.new.d,FVS_competition,pickles/example.new.d_5.pickle,
trace.d_0,trace.d,FVS_competition,pickles/trace.d_0.pickle,
trace.d_1,trace.d,FVS_competition,pickles/trace.d_1.pickle,
trace.d_2,trace.d,FVS_competition,pickles/trace.d_2.pickle,
trace.d_3,trace.d,FVS_competition,pickles/trace.d_3.pickle,
trace.d_4,trace.d,FVS_competition,pickles/trace.d_4.pickle,
trace.d_5,trace.d,FVS_competition,pickles/trace.d_5.pickle,
trace.d_6,trace.d,FVS_competition,pickles/trace.d_6.pickle,
gr1-acyclic.d_0,gr1-acyclic.d,FVS_competition,pickles/gr1-acyclic.d_0.pickle,
gr1-acyclic.d_1,gr1-acyclic.d,FVS_competition,pickles/gr1-acyclic.d_1.pickle,
gr1-acyclic.d_2,gr1-acyclic.d,FVS_competition,pickles/gr1-acyclic.d_2.pickle,
gr1-acyclic.d_3,gr1-acyclic.d,FVS_competition,pickles/gr1-acyclic.d_3.pickle,
gr1-acyclic.d_4,gr1-acyclic.d,FVS_competition,pickles/gr1-acyclic.d_4.pickle,
gr1-acyclic.d_5,gr1-acyclic.d,FVS_competition,pickles/gr1-acyclic.d_5.pickle,
gr1-acyclic.d_6,gr1-acyclic.d,FVS_competition,pickles/gr1-acyclic.d_6.pickle,
gr1-acyclic.d_7,gr1-acyclic.d,FVS_competition,pickles/gr1-acyclic.d_7.pickle,
gr1-acyclic.d_8,gr1-acyclic.d,FVS_competition,pickles/gr1-acyclic.d_8.pickle,
gr1-acyclic.d_9,gr1-acyclic.d,FVS_competition,pickles/gr1-acyclic.d_9.pickle,
howard-max.d_0,howard-max.d,FVS_competition,pickles/howard-max.d_0.pickle,
howard-max.d_1,howard-max.d,FVS_competition,pickles/howard-max.d_1.pickle,
gr11d.d_0,gr11d.d,FVS_competition,pickles/gr11d.d_0.pickle,
gr11d.d_1,gr11d.d,FVS_competition,pickles/gr11d.d_1.pickle,
gr-paper.d_0,gr-paper.d,FVS_competition,pickles/gr-paper.d_0.pickle,
gr-paper.d_1,gr-paper.d,FVS_competition,pickles/gr-paper.d_1.pickle,
stg.d_0,stg.d,FVS_competition,pickles/stg.d_0.pickle,
green3nonzero.d_0,green3nonzero.d,FVS_competition,pickles/green3nonzero.d_0.pickle,
rd_4_4_90.d_0,rd_4_4_90.d,FVS_competition,pickles/rd_4_4_90.d_0.pickle,
gr4-shift.d_0,gr4-shift.d,FVS_competition,pickles/gr4-shift.d_0.pickle,
stg0.d_0,stg0.d,FVS_competition,pickles/stg0.d_0.pickle,
stg0.d_1,stg0.d,FVS_competition,pickles/stg0.d_1.pickle,
stg0.d_2,stg0.d,FVS_competition,pickles/stg0.d_2.pickle,
example-bad1.d_0,example-bad1.d,FVS_competition,pickles/example-bad1.d_0.pickle,
gr13.d_0,gr13.d,FVS_competition,pickles/gr13.d_0.pickle,
green.d_0,green.d,FVS_competition,pickles/green.d_0.pickle,
complete6.d_0,complete6.d,FVS_competition,pickles/complete6.d_0.pickle,
gr3.d_0,gr3.d,FVS_competition,pickles/gr3.d_0.pickle,
k3_3.d_0,k3_3.d,FVS_competition,pickles/k3_3.d_0.pickle,
gr0.d_0,gr0.d,FVS_competition,pickles/gr0.d_0.pickle,
dene.d_0,dene.d,FVS_competition,pickles/dene.d_0.pickle,
complete2.d_0,complete2.d,FVS_competition,pickles/complete2.d_0.pickle,
gr2.d_0,gr2.d,FVS_competition,pickles/gr2.d_0.pickle,
complete7.d_0,complete7.d,FVS_competition,pickles/complete7.d_0.pickle,
s27.d_0,s27.d,FVS_competition,pickles/s27.d_0.pickle,
s27.d_1,s27.d,FVS_competition,pickles/s27.d_1.pickle,
s27.d_2,s27.d,FVS_competition,pickles/s27.d_2.pickle,
s27.d_3,s27.d,FVS_competition,pickles/s27.d_3.pickle,
s27.d_4,s27.d,FVS_competition,pickles/s27.d_4.pickle,
s27.d_5,s27.d,FVS_competition,pickles/s27.d_5.pickle,
s27.d_6,s27.d,FVS_competition,pickles/s27.d_6.pickle,
s27.d_7,s27.d,FVS_competition,pickles/s27.d_7.pickle,
s27.d_8,s27.d,FVS_competition,pickles/s27.d_8.pickle,
s27.d_9,s27.d,FVS_competition,pickles/s27.d_9.pickle,
s27.d_10,s27.d,FVS_competition,pickles/s27.d_10.pickle,
s27.d_11,s27.d,FVS_competition,pickles/s27.d_11.pickle,
s27.d_12,s27.d,FVS_competition,pickles/s27.d_12.pickle,
s27.d_13,s27.d,FVS_competition,pickles/s27.d_13.pickle,
s27.d_14,s27.d,FVS_competition,pickles/s27.d_14.pickle,
s27.d_15,s27.d,FVS_competition,pickles/s27.d_15.pickle,
s27.d_16,s27.d,FVS_competition,pickles/s27.d_16.pickle,
s27.d_17,s27.d,FVS_competition,pickles/s27.d_17.pickle,
s27.d_18,s27.d,FVS_competition,pickles/s27.d_18.pickle,
s27.d_19,s27.d,FVS_competition,pickles/s27.d_19.pickle,
s27.d_20,s27.d,FVS_competition,pickles/s27.d_20.pickle,
s27.d_21,s27.d,FVS_competition,pickles/s27.d_21.pickle,
s27.d_22,s27.d,FVS_competition,pickles/s27.d_22.pickle,
s27.d_23,s27.d,FVS_competition,pickles/s27.d_23.pickle,
s27.d_24,s27.d,FVS_competition,pickles/s27.d_24.pickle,
s27.d_25,s27.d,FVS_competition,pickles/s27.d_25.pickle,
s27.d_26,s27.d,FVS_competition,pickles/s27.d_26.pickle,
s27.d_27,s27.d,FVS_competition,pickles/s27.d_27.pickle,
s27.d_28,s27.d,FVS_competition,pickles/s27.d_28.pickle,
s27.d_29,s27.d,FVS_competition,pickles/s27.d_29.pickle,
s27.d_30,s27.d,FVS_competition,pickles/s27.d_30.pickle,
s27.d_31,s27.d,FVS_competition,pickles/s27.d_31.pickle,
s27.d_32,s27.d,FVS_competition,pickles/s27.d_32.pickle,
s27.d_33,s27.d,FVS_competition,pickles/s27.d_33.pickle,
s27.d_34,s27.d,FVS_competition,pickles/s27.d_34.pickle,
s27.d_35,s27.d,FVS_competition,pickles/s27.d_35.pickle,
s27.d_36,s27.d,FVS_competition,pickles/s27.d_36.pickle,
s27.d_37,s27.d,FVS_competition,pickles/s27.d_37.pickle,
s27.d_38,s27.d,FVS_competition,pickles/s27.d_38.pickle,
s27.d_39,s27.d,FVS_competition,pickles/s27.d_39.pickle,
s1423.d_0,s1423.d,FVS_competition,pickles/s1423.d_0.pickle,
s1423.d_1,s1423.d,FVS_competition,pickles/s1423.d_1.pickle,
s1423.d_2,s1423.d,FVS_competition,pickles/s1423.d_2.pickle,
s1423.d_3,s1423.d,FVS_competition,pickles/s1423.d_3.pickle,
s1423.d_4,s1423.d,FVS_competition,pickles/s1423.d_4.pickle,
s1423.d_5,s1423.d,FVS_competition,pickles/s1423.d_5.pickle,
s1423.d_6,s1423.d,FVS_competition,pickles/s1423.d_6.pickle,
s1423.d_7,s1423.d,FVS_competition,pickles/s1423.d_7.pickle,
s1423.d_8,s1423.d,FVS_competition,pickles/s1423.d_8.pickle,
s1423.d_9,s1423.d,FVS_competition,pickles/s1423.d_9.pickle,
s1423.d_10,s1423.d,FVS_competition,pickles/s1423.d_10.pickle,
s1423.d_11,s1423.d,FVS_competition,pickles/s1423.d_11.pickle,
s1423.d_12,s1423.d,FVS_competition,pickles/s1423.d_12.pickle,
s1423.d_13,s1423.d,FVS_competition,pickles/s1423.d_13.pickle,
s1423.d_14,s1423.d,FVS_competition,pickles/s1423.d_14.pickle,
s1423.d_15,s1423.d,FVS_competition,pickles/s1423.d_15.pickle,
s1423.d_16,s1423.d,FVS_competition,pickles/s1423.d_16.pickle,
s1423.d_17,s1423.d,FVS_competition,pickles/s1423.d_17.pickle,
s1423.d_18,s1423.d,FVS_competition,pickles/s1423.d_18.pickle,
s1423.d_19,s1423.d,FVS_competition,pickles/s1423.d_19.pickle,
s1423.d_20,s1423.d,FVS_competition,pickles/s1423.d_20.pickle,
s1423.d_21,s1423.d,FVS_competition,pickles/s1423.d_21.pickle,
s1423.d_22,s1423.d,FVS_competition,pickles/s1423.d_22.pickle,
s1423.d_23,s1423.d,FVS_competition,pickles/s1423.d_23.pickle,
s1423.d_24,s1423.d,FVS_competition,pickles/s1423.d_24.pickle,
s1423.d_25,s1423.d,FVS_competition,pickles/s1423.d_25.pickle,
s1423.d_26,s1423.d,FVS_competition,pickles/s1423.d_26.pickle,
s1423.d_27,s1423.d,FVS_competition,pickles/s1423.d_27.pickle,
s1423.d_28,s1423.d,FVS_competition,pickles/s1423.d_28.pickle,
s1423.d_29,s1423.d,FVS_competition,pickles/s1423.d_29.pickle,
s1423.d_30,s1423.d,FVS_competition,pickles/s1423.d_30.pickle,
s1423.d_31,s1423.d,FVS_competition,pickles/s1423.d_31.pickle,
s1423.d_32,s1423.d,FVS_competition,pickles/s1423.d_32.pickle,
s1423.d_33,s1423.d,FVS_competition,pickles/s1423.d_33.pickle,
s1423.d_34,s1423.d,FVS_competition,pickles/s1423.d_34.pickle,
s1423.d_35,s1423.d,FVS_competition,pickles/s1423.d_35.pickle,
s1423.d_36,s1423.d,FVS_competition,pickles/s1423.d_36.pickle,
s1423.d_37,s1423.d,FVS_competition,pickles/s1423.d_37.pickle,
s1423.d_38,s1423.d,FVS_competition,pickles/s1423.d_38.pickle,
s1423.d_39,s1423.d,FVS_competition,pickles/s1423.d_39.pickle,
s1423.d_40,s1423.d,FVS_competition,pickles/s1423.d_40.pickle,
s1423.d_41,s1423.d,FVS_competition,pickles/s1423.d_41.pickle,
s1423.d_42,s1423.d,FVS_competition,pickles/s1423.d_42.pickle,
s1423.d_43,s1423.d,FVS_competition,pickles/s1423.d_43.pickle,
s1423.d_44,s1423.d,FVS_competition,pickles/s1423.d_44.pickle,
s1423.d_45,s1423.d,FVS_competition,pickles/s1423.d_45.pickle,
s1423.d_46,s1423.d,FVS_competition,pickles/s1423.d_46.pickle,
s1423.d_47,s1423.d,FVS_competition,pickles/s1423.d_47.pickle,
s1423.d_48,s1423.d,FVS_competition,pickles/s1423.d_48.pickle,
s1423.d_49,s1423.d,FVS_competition,pickles/s1423.d_49.pickle,
s1423.d_50,s1423.d,FVS_competition,pickles/s1423.d_50.pickle,
s1423.d_51,s1423.d,FVS_competition,pickles/s1423.d_51.pickle,
s1423.d_52,s1423.d,FVS_competition,pickles/s1423.d_52.pickle,
s1423.d_53,s1423.d,FVS_competition,pickles/s1423.d_53.pickle,
s1423.d_54,s1423.d,FVS_competition,pickles/s1423.d_54.pickle,
s1423.d_55,s1423.d,FVS_competition,pickles/s1423.d_55.pickle,
s1423.d_56,s1423.d,FVS_competition,pickles/s1423.d_56.pickle,
s1423.d_57,s1423.d,FVS_competition,pickles/s1423.d_57.pickle,
s1423.d_58,s1423.d,FVS_competition,pickles/s1423.d_58.pickle,
s1423.d_59,s1423.d,FVS_competition,pickles/s1423.d_59.pickle,
s1423.d_60,s1423.d,FVS_competition,pickles/s1423.d_60.pickle,
s1423.d_61,s1423.d,FVS_competition,pickles/s1423.d_61.pickle,
s1423.d_62,s1423.d,FVS_competition,pickles/s1423.d_62.pickle,
s1423.d_63,s1423.d,FVS_competition,pickles/s1423.d_63.pickle,
s1423.d_64,s1423.d,FVS_competition,pickles/s1423.d_64.pickle,
s1423.d_65,s1423.d,FVS_competition,pickles/s1423.d_65.pickle,
s1423.d_66,s1423.d,FVS_competition,pickles/s1423.d_66.pickle,
s1423.d_67,s1423.d,FVS_competition,pickles/s1423.d_67.pickle,
s1423.d_68,s1423.d,FVS_competition,pickles/s1423.d_68.pickle,
s1423.d_69,s1423.d,FVS_competition,pickles/s1423.d_69.pickle,
s1423.d_70,s1423.d,FVS_competition,pickles/s1423.d_70.pickle,
s1423.d_71,s1423.d,FVS_competition,pickles/s1423.d_71.pickle,
s1423.d_72,s1423.d,FVS_competition,pickles/s1423.d_72.pickle,
s1423.d_73,s1423.d,FVS_competition,pickles/s1423.d_73.pickle,
s1423.d_74,s1423.d,FVS_competition,pickles/s1423.d_74.pickle,
s1423.d_75,s1423.d,FVS_competition,pickles/s1423.d_75.pickle,
s1423.d_76,s1423.d,FVS_competition,pickles/s1423.d_76.pickle,
s1423.d_77,s1423.d,FVS_competition,pickles/s1423.d_77.pickle,
s1423.d_78,s1423.d,FVS_competition,pickles/s1423.d_78.pickle,
s1423.d_79,s1423.d,FVS_competition,pickles/s1423.d_79.pickle,
s1423.d_80,s1423.d,FVS_competition,pickles/s1423.d_80.pickle,
s1423.d_81,s1423.d,FVS_competition,pickles/s1423.d_81.pickle,
s1423.d_82,s1423.d,FVS_competition,pickles/s1423.d_82.pickle,
s1423.d_83,s1423.d,FVS_competition,pickles/s1423.d_83.pickle,
s1423.d_84,s1423.d,FVS_competition,pickles/s1423.d_84.pickle,
s1423.d_85,s1423.d,FVS_competition,pickles/s1423.d_85.pickle,
s1423.d_86,s1423.d,FVS_competition,pickles/s1423.d_86.pickle,
s1423.d_87,s1423.d,FVS_competition,pickles/s1423.d_87.pickle,
s1423.d_88,s1423.d,FVS_competition,pickles/s1423.d_88.pickle,
s1423.d_89,s1423.d,FVS_competition,pickles/s1423.d_89.pickle,
s1423.d_90,s1423.d,FVS_competition,pickles/s1423.d_90.pickle,
s1423.d_91,s1423.d,FVS_competition,pickles/s1423.d_91.pickle,
s1423.d_92,s1423.d,FVS_competition,pickles/s1423.d_92.pickle,
s1423.d_93,s1423.d,FVS_competition,pickles/s1423.d_93.pickle,
s1423.d_94,s1423.d,FVS_competition,pickles/s1423.d_94.pickle,
s1423.d_95,s1423.d,FVS_competition,pickles/s1423.d_95.pickle,
s1423.d_96,s1423.d,FVS_competition,pickles/s1423.d_96.pickle,
s1423.d_97,s1423.d,FVS_competition,pickles/s1423.d_97.pickle,
s1423.d_98,s1423.d,FVS_competition,pickles/s1423.d_98.pickle,
s1423.d_99,s1423.d,FVS_competition,pickles/s1423.d_99.pickle,
s1423.d_100,s1423.d,FVS_competition,pickles/s1423.d_100.pickle,
s1423.d_101,s1423.d,FVS_competition,pickles/s1423.d_101.pickle,
s1423.d_102,s1423.d,FVS_competition,pickles/s1423.d_102.pickle,
s1423.d_103,s1423.d,FVS_competition,pickles/s1423.d_103.pickle,
s1423.d_104,s1423.d,FVS_competition,pickles/s1423.d_104.pickle,
s1423.d_105,s1423.d,FVS_competition,pickles/s1423.d_105.pickle,
s1423.d_106,s1423.d,FVS_competition,pickles/s1423.d_106.pickle,
s1423.d_107,s1423.d,FVS_competition,pickles/s1423.d_107.pickle,
s1423.d_108,s1423.d,FVS_competition,pickles/s1423.d_108.pickle,
s1423.d_109,s1423.d,FVS_competition,pickles/s1423.d_109.pickle,
s1423.d_110,s1423.d,FVS_competition,pickles/s1423.d_110.pickle,
s1423.d_111,s1423.d,FVS_competition,pickles/s1423.d_111.pickle,
s1423.d_112,s1423.d,FVS_competition,pickles/s1423.d_112.pickle,
s1423.d_113,s1423.d,FVS_competition,pickles/s1423.d_113.pickle,
s1423.d_114,s1423.d,FVS_competition,pickles/s1423.d_114.pickle,
s1423.d_115,s1423.d,FVS_competition,pickles/s1423.d_115.pickle,
s1423.d_116,s1423.d,FVS_competition,pickles/s1423.d_116.pickle,
s1423.d_117,s1423.d,FVS_competition,pickles/s1423.d_117.pickle,
s1423.d_118,s1423.d,FVS_competition,pickles/s1423.d_118.pickle,
s1423.d_119,s1423.d,FVS_competition,pickles/s1423.d_119.pickle,
s1423.d_120,s1423.d,FVS_competition,pickles/s1423.d_120.pickle,
s1423.d_121,s1423.d,FVS_competition,pickles/s1423.d_121.pickle,
s1423.d_122,s1423.d,FVS_competition,pickles/s1423.d_122.pickle,
s1423.d_123,s1423.d,FVS_competition,pickles/s1423.d_123.pickle,
s1423.d_124,s1423.d,FVS_competition,pickles/s1423.d_124.pickle,
s1423.d_125,s1423.d,FVS_competition,pickles/s1423.d_125.pickle,
s1423.d_126,s1423.d,FVS_competition,pickles/s1423.d_126.pickle,
s1423.d_127,s1423.d,FVS_competition,pickles/s1423.d_127.pickle,
s1423.d_128,s1423.d,FVS_competition,pickles/s1423.d_128.pickle,
s1423.d_129,s1423.d,FVS_competition,pickles/s1423.d_129.pickle,
s1423.d_130,s1423.d,FVS_competition,pickles/s1423.d_130.pickle,
s1423.d_131,s1423.d,FVS_competition,pickles/s1423.d_131.pickle,
s1423.d_132,s1423.d,FVS_competition,pickles/s1423.d_132.pickle,
s1423.d_133,s1423.d,FVS_competition,pickles/s1423.d_133.pickle,
s1423.d_134,s1423.d,FVS_competition,pickles/s1423.d_134.pickle,
s1423.d_135,s1423.d,FVS_competition,pickles/s1423.d_135.pickle,
s1423.d_136,s1423.d,FVS_competition,pickles/s1423.d_136.pickle,
s1423.d_137,s1423.d,FVS_competition,pickles/s1423.d_137.pickle,
s1423.d_138,s1423.d,FVS_competition,pickles/s1423.d_138.pickle,
s1423.d_139,s1423.d,FVS_competition,pickles/s1423.d_139.pickle,
s1423.d_140,s1423.d,FVS_competition,pickles/s1423.d_140.pickle,
s1423.d_141,s1423.d,FVS_competition,pickles/s1423.d_141.pickle,
s1423.d_142,s1423.d,FVS_competition,pickles/s1423.d_142.pickle,
s1423.d_143,s1423.d,FVS_competition,pickles/s1423.d_143.pickle,
s1423.d_144,s1423.d,FVS_competition,pickles/s1423.d_144.pickle,
s1423.d_145,s1423.d,FVS_competition,pickles/s1423.d_145.pickle,
s1423.d_146,s1423.d,FVS_competition,pickles/s1423.d_146.pickle,
s1423.d_147,s1423.d,FVS_competition,pickles/s1423.d_147.pickle,
s1423.d_148,s1423.d,FVS_competition,pickles/s1423.d_148.pickle,
s1423.d_149,s1423.d,FVS_competition,pickles/s1423.d_149.pickle,
s1423.d_150,s1423.d,FVS_competition,pickles/s1423.d_150.pickle,
s1423.d_151,s1423.d,FVS_competition,pickles/s1423.d_151.pickle,
s1423.d_152,s1423.d,FVS_competition,pickles/s1423.d_152.pickle,
s1423.d_153,s1423.d,FVS_competition,pickles/s1423.d_153.pickle,
s1423.d_154,s1423.d,FVS_competition,pickles/s1423.d_154.pickle,
s1423.d_155,s1423.d,FVS_competition,pickles/s1423.d_155.pickle,
s1423.d_156,s1423.d,FVS_competition,pickles/s1423.d_156.pickle,
s1423.d_157,s1423.d,FVS_competition,pickles/s1423.d_157.pickle,
s1423.d_158,s1423.d,FVS_competition,pickles/s1423.d_158.pickle,
s1423.d_159,s1423.d,FVS_competition,pickles/s1423.d_159.pickle,
s1423.d_160,s1423.d,FVS_competition,pickles/s1423.d_160.pickle,
s1423.d_161,s1423.d,FVS_competition,pickles/s1423.d_161.pickle,
s1423.d_162,s1423.d,FVS_competition,pickles/s1423.d_162.pickle,
s1423.d_163,s1423.d,FVS_competition,pickles/s1423.d_163.pickle,
s1423.d_164,s1423.d,FVS_competition,pickles/s1423.d_164.pickle,
s1423.d_165,s1423.d,FVS_competition,pickles/s1423.d_165.pickle,
s1423.d_166,s1423.d,FVS_competition,pickles/s1423.d_166.pickle,
s1423.d_167,s1423.d,FVS_competition,pickles/s1423.d_167.pickle,
s1423.d_168,s1423.d,FVS_competition,pickles/s1423.d_168.pickle,
s1423.d_169,s1423.d,FVS_competition,pickles/s1423.d_169.pickle,
s1423.d_170,s1423.d,FVS_competition,pickles/s1423.d_170.pickle,
s1423.d_171,s1423.d,FVS_competition,pickles/s1423.d_171.pickle,
s1423.d_172,s1423.d,FVS_competition,pickles/s1423.d_172.pickle,
s349.d_0,s349.d,FVS_competition,pickles/s349.d_0.pickle,
s349.d_1,s349.d,FVS_competition,pickles/s349.d_1.pickle,
s349.d_2,s349.d,FVS_competition,pickles/s349.d_2.pickle,
s349.d_3,s349.d,FVS_competition,pickles/s349.d_3.pickle,
s349.d_4,s349.d,FVS_competition,pickles/s349.d_4.pickle,
s349.d_5,s349.d,FVS_competition,pickles/s349.d_5.pickle,
s349.d_6,s349.d,FVS_competition,pickles/s349.d_6.pickle,
s349.d_7,s349.d,FVS_competition,pickles/s349.d_7.pickle,
s349.d_8,s349.d,FVS_competition,pickles/s349.d_8.pickle,
s349.d_9,s349.d,FVS_competition,pickles/s349.d_9.pickle,
s349.d_10,s349.d,FVS_competition,pickles/s349.d_10.pickle,
s349.d_11,s349.d,FVS_competition,pickles/s349.d_11.pickle,
s349.d_12,s349.d,FVS_competition,pickles/s349.d_12.pickle,
s349.d_13,s349.d,FVS_competition,pickles/s349.d_13.pickle,
s349.d_14,s349.d,FVS_competition,pickles/s349.d_14.pickle,
s349.d_15,s349.d,FVS_competition,pickles/s349.d_15.pickle,
s349.d_16,s349.d,FVS_competition,pickles/s349.d_16.pickle,
s349.d_17,s349.d,FVS_competition,pickles/s349.d_17.pickle,
s349.d_18,s349.d,FVS_competition,pickles/s349.d_18.pickle,
s349.d_19,s349.d,FVS_competition,pickles/s349.d_19.pickle,
s349.d_20,s349.d,FVS_competition,pickles/s349.d_20.pickle,
s349.d_21,s349.d,FVS_competition,pickles/s349.d_21.pickle,
s349.d_22,s349.d,FVS_competition,pickles/s349.d_22.pickle,
s349.d_23,s349.d,FVS_competition,pickles/s349.d_23.pickle,
s349.d_24,s349.d,FVS_competition,pickles/s349.d_24.pickle,
s349.d_25,s349.d,FVS_competition,pickles/s349.d_25.pickle,
s349.d_26,s349.d,FVS_competition,pickles/s349.d_26.pickle,
s349.d_27,s349.d,FVS_competition,pickles/s349.d_27.pickle,
s349.d_28,s349.d,FVS_competition,pickles/s349.d_28.pickle,
s349.d_29,s349.d,FVS_competition,pickles/s349.d_29.pickle,
s349.d_30,s349.d,FVS_competition,pickles/s349.d_30.pickle,
s349.d_31,s349.d,FVS_competition,pickles/s349.d_31.pickle,
s349.d_32,s349.d,FVS_competition,pickles/s349.d_32.pickle,
s349.d_33,s349.d,FVS_competition,pickles/s349.d_33.pickle,
s349.d_34,s349.d,FVS_competition,pickles/s349.d_34.pickle,
s349.d_35,s349.d,FVS_competition,pickles/s349.d_35.pickle,
s349.d_36,s349.d,FVS_competition,pickles/s349.d_36.pickle,
s349.d_37,s349.d,FVS_competition,pickles/s349.d_37.pickle,
s349.d_38,s349.d,FVS_competition,pickles/s349.d_38.pickle,
s349.d_39,s349.d,FVS_competition,pickles/s349.d_39.pickle,
s349.d_40,s349.d,FVS_competition,pickles/s349.d_40.pickle,
s349.d_41,s349.d,FVS_competition,pickles/s349.d_41.pickle,
s349.d_42,s349.d,FVS_competition,pickles/s349.d_42.pickle,
s349.d_43,s349.d,FVS_competition,pickles/s349.d_43.pickle,
s349.d_44,s349.d,FVS_competition,pickles/s349.d_44.pickle,
s349.d_45,s349.d,FVS_competition,pickles/s349.d_45.pickle,
s349.d_46,s349.d,FVS_competition,pickles/s349.d_46.pickle,
s349.d_47,s349.d,FVS_competition,pickles/s349.d_47.pickle,
s349.d_48,s349.d,FVS_competition,pickles/s349.d_48.pickle,
s349.d_49,s349.d,FVS_competition,pickles/s349.d_49.pickle,
s349.d_50,s349.d,FVS_competition,pickles/s349.d_50.pickle,
s349.d_51,s349.d,FVS_competition,pickles/s349.d_51.pickle,
s349.d_52,s349.d,FVS_competition,pickles/s349.d_52.pickle,
s349.d_53,s349.d,FVS_competition,pickles/s349.d_53.pickle,
s349.d_54,s349.d,FVS_competition,pickles/s349.d_54.pickle,
s349.d_55,s349.d,FVS_competition,pickles/s349.d_55.pickle,
s349.d_56,s349.d,FVS_competition,pickles/s349.d_56.pickle,
s349.d_57,s349.d,FVS_competition,pickles/s349.d_57.pickle,
s349.d_58,s349.d,FVS_competition,pickles/s349.d_58.pickle,
s349.d_59,s349.d,FVS_competition,pickles/s349.d_59.pickle,
s349.d_60,s349.d,FVS_competition,pickles/s349.d_60.pickle,
s349.d_61,s349.d,FVS_competition,pickles/s349.d_61.pickle,
s349.d_62,s349.d,FVS_competition,pickles/s349.d_62.pickle,
s349.d_63,s349.d,FVS_competition,pickles/s349.d_63.pickle,
s349.d_64,s349.d,FVS_competition,pickles/s349.d_64.pickle,
s349.d_65,s349.d,FVS_competition,pickles/s349.d_65.pickle,
s349.d_66,s349.d,FVS_competition,pickles/s349.d_66.pickle,
s349.d_67,s349.d,FVS_competition,pickles/s349.d_67.pickle,
s349.d_68,s349.d,FVS_competition,pickles/s349.d_68.pickle,
s349.d_69,s349.d,FVS_competition,pickles/s349.d_69.pickle,
s349.d_70,s349.d,FVS_competition,pickles/s349.d_70.pickle,
s349.d_71,s349.d,FVS_competition,pickles/s349.d_71.pickle,
s349.d_72,s349.d,FVS_competition,pickles/s349.d_72.pickle,
s349.d_73,s349.d,FVS_competition,pickles/s349.d_73.pickle,
s349.d_74,s349.d,FVS_competition,pickles/s349.d_74.pickle,
s349.d_75,s349.d,FVS_competition,pickles/s349.d_75.pickle,
s349.d_76,s349.d,FVS_competition,pickles/s349.d_76.pickle,
s349.d_77,s349.d,FVS_competition,pickles/s349.d_77.pickle,
s349.d_78,s349.d,FVS_competition,pickles/s349.d_78.pickle,
s349.d_79,s349.d,FVS_competition,pickles/s349.d_79.pickle,
s349.d_80,s349.d,FVS_competition,pickles/s349.d_80.pickle,
s208.d_0,s208.d,FVS_competition,pickles/s208.d_0.pickle,
s208.d_1,s208.d,FVS_competition,pickles/s208.d_1.pickle,
s208.d_2,s208.d,FVS_competition,pickles/s208.d_2.pickle,
s208.d_3,s208.d,FVS_competition,pickles/s208.d_3.pickle,
s208.d_4,s208.d,FVS_competition,pickles/s208.d_4.pickle,
s208.d_5,s208.d,FVS_competition,pickles/s208.d_5.pickle,
s208.d_6,s208.d,FVS_competition,pickles/s208.d_6.pickle,
s208.d_7,s208.d,FVS_competition,pickles/s208.d_7.pickle,
s208.d_8,s208.d,FVS_competition,pickles/s208.d_8.pickle,
s208.d_9,s208.d,FVS_competition,pickles/s208.d_9.pickle,
s208.d_10,s208.d,FVS_competition,pickles/s208.d_10.pickle,
s208.d_11,s208.d,FVS_competition,pickles/s208.d_11.pickle,
s208.d_12,s208.d,FVS_competition,pickles/s208.d_12.pickle,
s208.d_13,s208.d,FVS_competition,pickles/s208.d_13.pickle,
s208.d_14,s208.d,FVS_competition,pickles/s208.d_14.pickle,
s208.d_15,s208.d,FVS_competition,pickles/s208.d_15.pickle,
s208.d_16,s208.d,FVS_competition,pickles/s208.d_16.pickle,
s208.d_17,s208.d,FVS_competition,pickles/s208.d_17.pickle,
s208.d_18,s208.d,FVS_competition,pickles/s208.d_18.pickle,
s208.d_19,s208.d,FVS_competition,pickles/s208.d_19.pickle,
s208.d_20,s208.d,FVS_competition,pickles/s208.d_20.pickle,
s208.d_21,s208.d,FVS_competition,pickles/s208.d_21.pickle,
s208.d_22,s208.d,FVS_competition,pickles/s208.d_22.pickle,
s208.d_23,s208.d,FVS_competition,pickles/s208.d_23.pickle,
s208.d_24,s208.d,FVS_competition,pickles/s208.d_24.pickle,
s208.d_25,s208.d,FVS_competition,pickles/s208.d_25.pickle,
s208.d_26,s208.d,FVS_competition,pickles/s208.d_26.pickle,
s208.d_27,s208.d,FVS_competition,pickles/s208.d_27.pickle,
s208.d_28,s208.d,FVS_competition,pickles/s208.d_28.pickle,
s208.d_29,s208.d,FVS_competition,pickles/s208.d_29.pickle,
s208.d_30,s208.d,FVS_competition,pickles/s208.d_30.pickle,
s208.d_31,s208.d,FVS_competition,pickles/s208.d_31.pickle,
s208.d_32,s208.d,FVS_competition,pickles/s208.d_32.pickle,
s208.d_33,s208.d,FVS_competition,pickles/s208.d_33.pickle,
s208.d_34,s208.d,FVS_competition,pickles/s208.d_34.pickle,
s208.d_35,s208.d,FVS_competition,pickles/s208.d_35.pickle,
s208.d_36,s208.d,FVS_competition,pickles/s208.d_36.pickle,
s208.d_37,s208.d,FVS_competition,pickles/s208.d_37.pickle,
s208.d_38,s208.d,FVS_competition,pickles/s208.d_38.pickle,
s208.d_39,s208.d,FVS_competition,pickles/s208.d_39.pickle,
s208.d_40,s208.d,FVS_competition,pickles/s208.d_40.pickle,
s208.d_41,s208.d,FVS_competition,pickles/s208.d_41.pickle,
s208.d_42,s208.d,FVS_competition,pickles/s208.d_42.pickle,
s208.d_43,s208.d,FVS_competition,pickles/s208.d_43.pickle,
s208.d_44,s208.d,FVS_competition,pickles/s208.d_44.pickle,
s208.d_45,s208.d,FVS_competition,pickles/s208.d_45.pickle,
s208.d_46,s208.d,FVS_competition,pickles/s208.d_46.pickle,
s208.d_47,s208.d,FVS_competition,pickles/s208.d_47.pickle,
s208.d_48,s208.d,FVS_competition,pickles/s208.d_48.pickle,
s208.d_49,s208.d,FVS_competition,pickles/s208.d_49.pickle,
s208.d_50,s208.d,FVS_competition,pickles/s208.d_50.pickle,
s208.d_51,s208.d,FVS_competition,pickles/s208.d_51.pickle,
s208.d_52,s208.d,FVS_competition,pickles/s208.d_52.pickle,
s208.d_53,s208.d,FVS_competition,pickles/s208.d_53.pickle,
s208.d_54,s208.d,FVS_competition,pickles/s208.d_54.pickle,
s208.d_55,s208.d,FVS_competition,pickles/s208.d_55.pickle,
mult16a.d_0,mult16a.d,FVS_competition,pickles/mult16a.d_0.pickle,
mult16a.d_1,mult16a.d,FVS_competition,pickles/mult16a.d_1.pickle,
mult16a.d_2,mult16a.d,FVS_competition,pickles/mult16a.d_2.pickle,
mult16a.d_3,mult16a.d,FVS_competition,pickles/mult16a.d_3.pickle,
mult16a.d_4,mult16a.d,FVS_competition,pickles/mult16a.d_4.pickle,
mult16a.d_5,mult16a.d,FVS_competition,pickles/mult16a.d_5.pickle,
mult16a.d_6,mult16a.d,FVS_competition,pickles/mult16a.d_6.pickle,
mult16a.d_7,mult16a.d,FVS_competition,pickles/mult16a.d_7.pickle,
mult16a.d_8,mult16a.d,FVS_competition,pickles/mult16a.d_8.pickle,
mult16a.d_9,mult16a.d,FVS_competition,pickles/mult16a.d_9.pickle,
mult16a.d_10,mult16a.d,FVS_competition,pickles/mult16a.d_10.pickle,
mult16a.d_11,mult16a.d,FVS_competition,pickles/mult16a.d_11.pickle,
mult16a.d_12,mult16a.d,FVS_competition,pickles/mult16a.d_12.pickle,
mult16a.d_13,mult16a.d,FVS_competition,pickles/mult16a.d_13.pickle,
mult16a.d_14,mult16a.d,FVS_competition,pickles/mult16a.d_14.pickle,
mult16a.d_15,mult16a.d,FVS_competition,pickles/mult16a.d_15.pickle,
mult16a.d_16,mult16a.d,FVS_competition,pickles/mult16a.d_16.pickle,
mult16a.d_17,mult16a.d,FVS_competition,pickles/mult16a.d_17.pickle,
mult16a.d_18,mult16a.d,FVS_competition,pickles/mult16a.d_18.pickle,
mult16a.d_19,mult16a.d,FVS_competition,pickles/mult16a.d_19.pickle,
mult16a.d_20,mult16a.d,FVS_competition,pickles/mult16a.d_20.pickle,
mult16a.d_21,mult16a.d,FVS_competition,pickles/mult16a.d_21.pickle,
mult16a.d_22,mult16a.d,FVS_competition,pickles/mult16a.d_22.pickle,
mult16a.d_23,mult16a.d,FVS_competition,pickles/mult16a.d_23.pickle,
mult16a.d_24,mult16a.d,FVS_competition,pickles/mult16a.d_24.pickle,
mult16a.d_25,mult16a.d,FVS_competition,pickles/mult16a.d_25.pickle,
mult16a.d_26,mult16a.d,FVS_competition,pickles/mult16a.d_26.pickle,
mult16a.d_27,mult16a.d,FVS_competition,pickles/mult16a.d_27.pickle,
mult16a.d_28,mult16a.d,FVS_competition,pickles/mult16a.d_28.pickle,
mult16a.d_29,mult16a.d,FVS_competition,pickles/mult16a.d_29.pickle,
mult16a.d_30,mult16a.d,FVS_competition,pickles/mult16a.d_30.pickle,
mult16a.d_31,mult16a.d,FVS_competition,pickles/mult16a.d_31.pickle,
mult16a.d_32,mult16a.d,FVS_competition,pickles/mult16a.d_32.pickle,
mult16a.d_33,mult16a.d,FVS_competition,pickles/mult16a.d_33.pickle,
mult16a.d_34,mult16a.d,FVS_competition,pickles/mult16a.d_34.pickle,
mult16a.d_35,mult16a.d,FVS_competition,pickles/mult16a.d_35.pickle,
mult16a.d_36,mult16a.d,FVS_competition,pickles/mult16a.d_36.pickle,
mult16a.d_37,mult16a.d,FVS_competition,pickles/mult16a.d_37.pickle,
mult16a.d_38,mult16a.d,FVS_competition,pickles/mult16a.d_38.pickle,
mult16a.d_39,mult16a.d,FVS_competition,pickles/mult16a.d_39.pickle,
mult16a.d_40,mult16a.d,FVS_competition,pickles/mult16a.d_40.pickle,
mult16a.d_41,mult16a.d,FVS_competition,pickles/mult16a.d_41.pickle,
mult16a.d_42,mult16a.d,FVS_competition,pickles/mult16a.d_42.pickle,
mult16a.d_43,mult16a.d,FVS_competition,pickles/mult16a.d_43.pickle,
mult16a.d_44,mult16a.d,FVS_competition,pickles/mult16a.d_44.pickle,
mult16a.d_45,mult16a.d,FVS_competition,pickles/mult16a.d_45.pickle,
mult16a.d_46,mult16a.d,FVS_competition,pickles/mult16a.d_46.pickle,
mult16a.d_47,mult16a.d,FVS_competition,pickles/mult16a.d_47.pickle,
mult16a.d_48,mult16a.d,FVS_competition,pickles/mult16a.d_48.pickle,
mult16a.d_49,mult16a.d,FVS_competition,pickles/mult16a.d_49.pickle,
mult16a.d_50,mult16a.d,FVS_competition,pickles/mult16a.d_50.pickle,
mult16a.d_51,mult16a.d,FVS_competition,pickles/mult16a.d_51.pickle,
mult16a.d_52,mult16a.d,FVS_competition,pickles/mult16a.d_52.pickle,
mult16a.d_53,mult16a.d,FVS_competition,pickles/mult16a.d_53.pickle,
mult16a.d_54,mult16a.d,FVS_competition,pickles/mult16a.d_54.pickle,
mult16a.d_55,mult16a.d,FVS_competition,pickles/mult16a.d_55.pickle,
mult16a.d_56,mult16a.d,FVS_competition,pickles/mult16a.d_56.pickle,
mult16a.d_57,mult16a.d,FVS_competition,pickles/mult16a.d_57.pickle,
mult16a.d_58,mult16a.d,FVS_competition,pickles/mult16a.d_58.pickle,
mult16a.d_59,mult16a.d,FVS_competition,pickles/mult16a.d_59.pickle,
mult16a.d_60,mult16a.d,FVS_competition,pickles/mult16a.d_60.pickle,
mult16a.d_61,mult16a.d,FVS_competition,pickles/mult16a.d_61.pickle,
mult16a.d_62,mult16a.d,FVS_competition,pickles/mult16a.d_62.pickle,
mult16a.d_63,mult16a.d,FVS_competition,pickles/mult16a.d_63.pickle,
mult16a.d_64,mult16a.d,FVS_competition,pickles/mult16a.d_64.pickle,
mult16a.d_65,mult16a.d,FVS_competition,pickles/mult16a.d_65.pickle,
mult16a.d_66,mult16a.d,FVS_competition,pickles/mult16a.d_66.pickle,
mult16a.d_67,mult16a.d,FVS_competition,pickles/mult16a.d_67.pickle,
mult16a.d_68,mult16a.d,FVS_competition,pickles/mult16a.d_68.pickle,
mult16a.d_69,mult16a.d,FVS_competition,pickles/mult16a.d_69.pickle,
mult16a.d_70,mult16a.d,FVS_competition,pickles/mult16a.d_70.pickle,
mult16a.d_71,mult16a.d,FVS_competition,pickles/mult16a.d_71.pickle,
mult16a.d_72,mult16a.d,FVS_competition,pickles/mult16a.d_72.pickle,
mult16a.d_73,mult16a.d,FVS_competition,pickles/mult16a.d_73.pickle,
mult16a.d_74,mult16a.d,FVS_competition,pickles/mult16a.d_74.pickle,
mult16a.d_75,mult16a.d,FVS_competition,pickles/mult16a.d_75.pickle,
mult16a.d_76,mult16a.d,FVS_competition,pickles/mult16a.d_76.pickle,
mult16a.d_77,mult16a.d,FVS_competition,pickles/mult16a.d_77.pickle,
mult16a.d_78,mult16a.d,FVS_competition,pickles/mult16a.d_78.pickle,
mult16a.d_79,mult16a.d,FVS_competition,pickles/mult16a.d_79.pickle,
mult16a.d_80,mult16a.d,FVS_competition,pickles/mult16a.d_80.pickle,
mult16a.d_81,mult16a.d,FVS_competition,pickles/mult16a.d_81.pickle,
mult16a.d_82,mult16a.d,FVS_competition,pickles/mult16a.d_82.pickle,
mult16a.d_83,mult16a.d,FVS_competition,pickles/mult16a.d_83.pickle,
mult16a.d_84,mult16a.d,FVS_competition,pickles/mult16a.d_84.pickle,
mult16a.d_85,mult16a.d,FVS_competition,pickles/mult16a.d_85.pickle,
mult16a.d_86,mult16a.d,FVS_competition,pickles/mult16a.d_86.pickle,
mult16a.d_87,mult16a.d,FVS_competition,pickles/mult16a.d_87.pickle,
mult16a.d_88,mult16a.d,FVS_competition,pickles/mult16a.d_88.pickle,
mult16a.d_89,mult16a.d,FVS_competition,pickles/mult16a.d_89.pickle,
mult16a.d_90,mult16a.d,FVS_competition,pickles/mult16a.d_90.pickle,
mult16a.d_91,mult16a.d,FVS_competition,pickles/mult16a.d_91.pickle,
mult16a.d_92,mult16a.d,FVS_competition,pickles/mult16a.d_92.pickle,
mult16a.d_93,mult16a.d,FVS_competition,pickles/mult16a.d_93.pickle,
mult16a.d_94,mult16a.d,FVS_competition,pickles/mult16a.d_94.pickle,
mult16a.d_95,mult16a.d,FVS_competition,pickles/mult16a.d_95.pickle,
mult16a.d_96,mult16a.d,FVS_competition,pickles/mult16a.d_96.pickle,
mult16a.d_97,mult16a.d,FVS_competition,pickles/mult16a.d_97.pickle,
mult16a.d_98,mult16a.d,FVS_competition,pickles/mult16a.d_98.pickle,
mult16a.d_99,mult16a.d,FVS_competition,pickles/mult16a.d_99.pickle,
mult16a.d_100,mult16a.d,FVS_competition,pickles/mult16a.d_100.pickle,
mult16a.d_101,mult16a.d,FVS_competition,pickles/mult16a.d_101.pickle,